phase,alpha_MAE,beta_MAE,alpha_CRPS,beta_CRPS,fault_acc
Days 0–10,0.002919553747883552,0.029684675342506833,0.001707321118131555,0.018552889094695952,1.0
Days 10–20,0.0034828087709568153,0.026920688354306752,0.002213146770755974,0.019299648621655004,0.9916666666666667
Days 20–30,0.006342191315359539,0.0336286193618068,0.004721217627039055,0.024460193590039318,0.8791666666666667
