seed,draw,parameter,rank_frac,truth,sample_mean,sample_sd
0,0,alpha,0.685,0.7027767896652222,0.6986402273178101,0.009236493147909641
0,0,beta_r,0.435,0.8738349080085754,0.8778759837150574,0.018719904124736786
0,0,eta_col,0.34,0.6773703098297119,0.6788498163223267,0.0038049316499382257
0,0,xi_reb,0.475,0.4169670641422272,0.41704612970352173,0.0013928789412602782
0,0,z_A0_eff,0.685,0.8019052743911743,0.7972790598869324,0.008379792794585228
0,1,alpha,0.34,0.8927000761032104,0.8989744782447815,0.013847434893250465
0,1,beta_r,0.55,0.4552282989025116,0.45323172211647034,0.011249490082263947
0,1,eta_col,0.01,0.5825845003128052,0.590723991394043,0.003536917269229889
0,1,xi_reb,0.885,1.1789520978927612,1.1742538213729858,0.003916244488209486
0,1,z_A0_eff,0.495,0.7125993371009827,0.7136734127998352,0.011026871390640736
0,2,alpha,0.66,0.43803149461746216,0.43489110469818115,0.00911212619394064
0,2,beta_r,0.435,0.4781215190887451,0.48179930448532104,0.0176371019333601
0,2,eta_col,0.605,0.7839192152023315,0.7823180556297302,0.010913875885307789
0,2,xi_reb,0.285,0.7150644659996033,0.7163314819335938,0.0025575358886271715
0,2,z_A0_eff,0.67,0.7291436195373535,0.7255998849868774,0.010513713583350182
0,3,alpha,0.99,0.8153698444366455,0.792258083820343,0.011172563768923283
0,3,beta_r,0.985,0.4202210605144501,0.4018687307834625,0.008317476138472557
0,3,eta_col,0.615,0.6440844535827637,0.6430442333221436,0.0038874323945492506
0,3,xi_reb,0.45,1.0425195693969727,1.0430725812911987,0.0037678941152989864
0,3,z_A0_eff,0.995,0.9485695362091064,0.9231278896331787,0.011057570576667786
0,4,alpha,0.945,0.8825433850288391,0.8758814930915833,0.004114360082894564
0,4,beta_r,0.7,0.5874300003051758,0.5832921862602234,0.007679450791329145
0,4,eta_col,0.15,0.5820223093032837,0.5858283638954163,0.00344868958927691
0,4,xi_reb,0.69,1.1510982513427734,1.1493961811065674,0.004291361663490534
0,4,z_A0_eff,0.915,0.878659188747406,0.8733367919921875,0.003869883483275771
0,5,alpha,0.84,0.4471173882484436,0.4408535063266754,0.0065029519610106945
0,5,beta_r,0.72,0.7024301886558533,0.6912292242050171,0.021523689851164818
0,5,eta_col,0.4,0.8600300550460815,0.8648694753646851,0.01590205542743206
0,5,xi_reb,0.05,0.6772881746292114,0.6820316314697266,0.002616123529151082
0,5,z_A0_eff,0.725,0.8438702821731567,0.839672863483429,0.007701744791120291
0,6,alpha,0.985,0.8979101181030273,0.8831849098205566,0.006538841873407364
0,6,beta_r,0.955,1.0474931001663208,1.001543641090393,0.028363866731524467
0,6,eta_col,0.985,0.7855408191680908,0.7705919146537781,0.005228835623711348
0,6,xi_reb,0.045,0.7785181999206543,0.7866708636283875,0.0045859189704060555
0,6,z_A0_eff,0.995,0.7927814722061157,0.7796739935874939,0.005397127475589514
0,7,alpha,0.67,0.88371741771698,0.8783959150314331,0.010369387455284595
0,7,beta_r,0.445,0.764351487159729,0.7646801471710205,0.015123586170375347
0,7,eta_col,0.715,0.9557961225509644,0.9516859650611877,0.011263971216976643
0,7,xi_reb,0.075,1.1047358512878418,1.1133173704147339,0.005277549847960472
0,7,z_A0_eff,0.46,0.9152278900146484,0.9155404567718506,0.010860053822398186
0,8,alpha,0.86,1.018296480178833,0.9950934052467346,0.020962418988347054
0,8,beta_r,0.895,0.6279361844062805,0.6046597361564636,0.01855902560055256
0,8,eta_col,0.8,0.521160364151001,0.517737627029419,0.0040063257329165936
0,8,xi_reb,0.255,0.515180766582489,0.5163151621818542,0.0018642186187207699
0,8,z_A0_eff,0.855,0.7885207533836365,0.7721365094184875,0.01447886973619461
0,9,alpha,0.9,0.5311331748962402,0.5187559127807617,0.00942638423293829
0,9,beta_r,0.88,1.0828863382339478,1.0309343338012695,0.044305939227342606
0,9,eta_col,0.155,0.6620426177978516,0.6695094108581543,0.007865780964493752
0,9,xi_reb,0.41,0.6673201322555542,0.6678318977355957,0.002256917068734765
0,9,z_A0_eff,0.93,0.9244202375411987,0.9083145260810852,0.011468740180134773
0,10,alpha,0.565,0.6929727792739868,0.6922271847724915,0.006782590877264738
0,10,beta_r,0.72,1.012804627418518,1.0010265111923218,0.021383607760071754
0,10,eta_col,0.415,0.7933700084686279,0.7943464517593384,0.005132728256285191
0,10,xi_reb,0.76,1.070155382156372,1.067272424697876,0.003433574689552188
0,10,z_A0_eff,0.76,0.7345634698867798,0.7300398349761963,0.006668922491371632
0,11,alpha,0.42,1.0950719118118286,1.096422553062439,0.006159374024719
0,11,beta_r,0.26,0.8455485105514526,0.8519213199615479,0.009045028127729893
0,11,eta_col,0.095,0.5916694402694702,0.5962695479393005,0.0037766804452985525
0,11,xi_reb,0.73,1.1778322458267212,1.1753580570220947,0.004012346733361483
0,11,z_A0_eff,0.625,0.9105016589164734,0.9087831974029541,0.004530961159616709
0,12,alpha,0.075,1.0670764446258545,1.071946382522583,0.0033468108158558607
0,12,beta_r,0.2,0.583610475063324,0.5876806378364563,0.005715645849704742
0,12,eta_col,0.75,0.8563224077224731,0.8542291522026062,0.003025176702067256
0,12,xi_reb,0.1,0.9875767230987549,0.9910888671875,0.003137814113870263
0,12,z_A0_eff,0.065,0.719657301902771,0.7224640846252441,0.0017947317101061344
0,13,alpha,0.705,0.5282289981842041,0.5249603390693665,0.007165399845689535
0,13,beta_r,0.84,0.6708518266677856,0.6559656262397766,0.015970619395375252
0,13,eta_col,0.575,0.931180477142334,0.9300729632377625,0.011450563557446003
0,13,xi_reb,0.03,1.0632787942886353,1.0709071159362793,0.00445966050028801
0,13,z_A0_eff,0.76,0.7089877724647522,0.7045249342918396,0.007407051511108875
0,14,alpha,0.545,1.0373051166534424,1.0372132062911987,0.002871815115213394
0,14,beta_r,0.77,1.1454323530197144,1.1328288316726685,0.01643698662519455
0,14,eta_col,0.32,0.8951960802078247,0.8963555693626404,0.002921480219811201
0,14,xi_reb,0.255,0.601179838180542,0.6027535200119019,0.0023058168590068817
0,14,z_A0_eff,0.045,0.8144038319587708,0.8173994421958923,0.0018714598845690489
0,15,alpha,0.24,0.48033618927001953,0.4869753122329712,0.010373391211032867
0,15,beta_r,0.3,0.48854565620422363,0.49736660718917847,0.018617011606693268
0,15,eta_col,0.8,0.9242940545082092,0.9094815254211426,0.017169253900647163
0,15,xi_reb,0.12,0.8565549254417419,0.8611881732940674,0.003746532602235675
0,15,z_A0_eff,0.25,0.8226703405380249,0.8312383890151978,0.011966078542172909
0,16,alpha,0.585,1.028302550315857,1.0276176929473877,0.005506917368620634
0,16,beta_r,0.68,1.1500284671783447,1.1424975395202637,0.015773335471749306
0,16,eta_col,0.83,0.8640550374984741,0.8612844347953796,0.0032495560590177774
0,16,xi_reb,0.55,0.8390694260597229,0.8392713069915771,0.002775107277557254
0,16,z_A0_eff,0.92,0.9481809139251709,0.9448968768119812,0.0021701755467802286
0,17,alpha,0.02,1.1241999864578247,1.1440118551254272,0.0101862084120512
0,17,beta_r,0.215,0.7561745047569275,0.7642896771430969,0.01051010936498642
0,17,eta_col,0.77,0.6867108941078186,0.6835153102874756,0.004804749041795731
0,17,xi_reb,0.36,0.8275312185287476,0.8283821940422058,0.002639302285388112
0,17,z_A0_eff,0.025,0.8071972131729126,0.8208397626876831,0.00662633590400219
0,18,alpha,0.075,0.4829145669937134,0.4945084750652313,0.008000562898814678
0,18,beta_r,0.345,0.7996320724487305,0.808022677898407,0.025401506572961807
0,18,eta_col,0.765,0.9527183771133423,0.9427505731582642,0.013505667448043823
0,18,xi_reb,0.05,0.6299008131027222,0.6346956491470337,0.002888074843212962
0,18,z_A0_eff,0.06,0.7367551326751709,0.7502050995826721,0.008774529211223125
0,19,alpha,0.11,1.055747389793396,1.0648690462112427,0.007866310887038708
0,19,beta_r,0.205,1.0013819932937622,1.014573335647583,0.016417121514678
0,19,eta_col,0.345,0.704978346824646,0.7065579295158386,0.004217350855469704
0,19,xi_reb,0.785,0.5136333107948303,0.5122072696685791,0.0017783502116799355
0,19,z_A0_eff,0.1,0.795634388923645,0.8021231293678284,0.005195111036300659
0,20,alpha,0.005,0.602769136428833,0.6171203851699829,0.00587667478248477
0,20,beta_r,0.07,1.0662239789962769,1.1084494590759277,0.02804340422153473
0,20,eta_col,0.22,0.5615596175193787,0.5640988349914551,0.0033910120837390423
0,20,xi_reb,0.445,1.140663743019104,1.1413254737854004,0.003963732626289129
0,20,z_A0_eff,0.005,0.7922631502151489,0.8054887652397156,0.005540050100535154
0,21,alpha,0.115,0.9753545522689819,0.9783244132995605,0.003371644765138626
0,21,beta_r,0.29,0.6734708547592163,0.6763452291488647,0.0065138693898916245
0,21,eta_col,0.735,0.7993841171264648,0.797332763671875,0.0034635253250598907
0,21,xi_reb,0.195,0.8630902767181396,0.8655314445495605,0.0029477665666490793
0,21,z_A0_eff,0.15,0.8023146390914917,0.8045746088027954,0.0022974538151174784
0,22,alpha,0.7,0.8457386493682861,0.8444029092788696,0.002606044989079237
0,22,beta_r,0.325,0.80809485912323,0.8112642168998718,0.007798673119395971
0,22,eta_col,0.575,0.8655246496200562,0.8648176789283752,0.004536670166999102
0,22,xi_reb,0.355,1.1803330183029175,1.1820595264434814,0.005533697083592415
0,22,z_A0_eff,0.54,0.8178579807281494,0.8176751136779785,0.0023674461990594864
0,23,alpha,0.995,1.192360281944275,1.1792268753051758,0.005786126013845205
0,23,beta_r,0.665,0.8777749538421631,0.8738383650779724,0.010577676817774773
0,23,eta_col,0.075,0.5432580709457397,0.5487270951271057,0.003719157772138715
0,23,xi_reb,0.61,0.867707371711731,0.8671412467956543,0.0025529377162456512
0,23,z_A0_eff,0.97,0.9445160627365112,0.9351119995117188,0.00532234413549304
0,24,alpha,0.205,1.145095705986023,1.1479887962341309,0.0037887562066316605
0,24,beta_r,0.795,0.5652204155921936,0.5608086585998535,0.005456802435219288
0,24,eta_col,0.545,0.8332523703575134,0.8327615857124329,0.0024648932740092278
0,24,xi_reb,0.165,0.8328732848167419,0.835371732711792,0.002567652380093932
0,24,z_A0_eff,0.12,0.783968448638916,0.7859339714050293,0.0017490555765107274
0,25,alpha,0.19,1.0040006637573242,1.0067156553268433,0.0030240267515182495
0,25,beta_r,0.125,1.0929181575775146,1.1098898649215698,0.017040206119418144
0,25,eta_col,0.205,0.8643999099731445,0.8677330017089844,0.004022028762847185
0,25,xi_reb,0.55,0.41066694259643555,0.4104212820529938,0.0019696385134011507
0,25,z_A0_eff,0.34,0.9372872710227966,0.9381294846534729,0.0023501026444137096
0,26,alpha,0.56,0.8069009780883789,0.8055400848388672,0.009205562062561512
0,26,beta_r,0.68,0.9600703716278076,0.9529645442962646,0.020457472652196884
0,26,eta_col,0.73,0.5615899562835693,0.5591613054275513,0.003649209626019001
0,26,xi_reb,0.14,0.5203021764755249,0.5222314596176147,0.0018643793882802129
0,26,z_A0_eff,0.33,0.7441658973693848,0.7464743256568909,0.008001165464520454
0,27,alpha,0.88,1.0767537355422974,1.0722955465316772,0.0038370222318917513
0,27,beta_r,0.89,0.44502902030944824,0.4406099021434784,0.0036086589097976685
0,27,eta_col,0.7,0.8425829410552979,0.8412314057350159,0.002969204680994153
0,27,xi_reb,0.1,0.5493372082710266,0.5520179271697998,0.0021207367535680532
0,27,z_A0_eff,0.67,0.7337992191314697,0.7329659461975098,0.0020664152689278126
0,28,alpha,0.535,0.8403050303459167,0.8399088978767395,0.006701558828353882
0,28,beta_r,0.485,0.585689902305603,0.5866249799728394,0.00916510634124279
0,28,eta_col,0.545,0.8417552709579468,0.8411862254142761,0.005095035769045353
0,28,xi_reb,0.205,1.1907809972763062,1.1944578886032104,0.004523864481598139
0,28,z_A0_eff,0.445,0.8584001660346985,0.8595603704452515,0.006608254741877317
0,29,alpha,0.935,0.4112418591976166,0.39861756563186646,0.0073197977617383
0,29,beta_r,0.895,1.0682083368301392,1.0086499452590942,0.04734193533658981
0,29,eta_col,0.735,0.5245238542556763,0.5222419500350952,0.0035401126369833946
0,29,xi_reb,0.52,0.5486536026000977,0.5485013127326965,0.0020211683586239815
0,29,z_A0_eff,0.925,0.744953453540802,0.7316192388534546,0.00861338246613741
0,30,alpha,0.09,1.0708801746368408,1.0753843784332275,0.003564683487638831
0,30,beta_r,0.1,0.45022937655448914,0.4553288519382477,0.004092336166650057
0,30,eta_col,0.655,0.9497731328010559,0.9484057426452637,0.003485070075839758
0,30,xi_reb,0.27,0.49471837282180786,0.4957895576953888,0.0018425901653245091
0,30,z_A0_eff,0.775,0.7267682552337646,0.7250030040740967,0.0021512650419026613
0,31,alpha,0.295,1.0365325212478638,1.0386921167373657,0.0031564850360155106
0,31,beta_r,0.625,0.8609557747840881,0.8575859665870667,0.009727941825985909
0,31,eta_col,0.865,0.9968453645706177,0.9932987093925476,0.003110109828412533
0,31,xi_reb,0.425,0.6231685280799866,0.6234884858131409,0.0020349740516394377
0,31,z_A0_eff,0.395,0.7784084677696228,0.7790331244468689,0.0018680538050830364
0,32,alpha,0.765,0.9218368530273438,0.9179354906082153,0.005632889922708273
0,32,beta_r,0.555,1.1643948554992676,1.1595896482467651,0.018864106386899948
0,32,eta_col,0.045,0.5997028350830078,0.6071161031723022,0.005159566178917885
0,32,xi_reb,0.885,0.4195096492767334,0.4177771508693695,0.0017211097292602062
0,32,z_A0_eff,0.82,0.716081440448761,0.7125609517097473,0.004103383049368858
0,33,alpha,0.995,1.191076397895813,1.1817200183868408,0.0032556273508816957
0,33,beta_r,0.42,0.5802904367446899,0.5811516642570496,0.004708352033048868
0,33,eta_col,0.825,0.9167335033416748,0.9143425226211548,0.002505154348909855
0,33,xi_reb,0.17,0.4889545440673828,0.491128146648407,0.001963578863069415
0,33,z_A0_eff,0.93,0.947266697883606,0.9442291259765625,0.002060928847640753
0,34,alpha,0.375,0.6227812170982361,0.6264160871505737,0.011470937170088291
0,34,beta_r,0.495,1.1130040884017944,1.11026930809021,0.033415403217077255
0,34,eta_col,0.47,0.907027006149292,0.9083523750305176,0.012501024641096592
0,34,xi_reb,0.84,0.7680820822715759,0.7651353478431702,0.003246376058086753
0,34,z_A0_eff,0.475,0.8051968812942505,0.8054721355438232,0.011749538592994213
0,35,alpha,0.625,0.7114617228507996,0.7090497016906738,0.0067594014108181
0,35,beta_r,0.855,0.9504919052124023,0.9332093000411987,0.017442507669329643
0,35,eta_col,0.385,0.8580065369606018,0.8607193827629089,0.008158079348504543
0,35,xi_reb,0.09,1.1273620128631592,1.1329913139343262,0.004815066233277321
0,35,z_A0_eff,0.47,0.8556534051895142,0.8559544086456299,0.00707091623917222
0,36,alpha,0.13,1.017428994178772,1.0227919816970825,0.00481958594173193
0,36,beta_r,0.475,1.1564401388168335,1.1565542221069336,0.017917614430189133
0,36,eta_col,0.045,0.6346522569656372,0.6417616009712219,0.004516596905887127
0,36,xi_reb,0.85,0.8950787782669067,0.8923263549804688,0.004208496771752834
0,36,z_A0_eff,0.325,0.7648317813873291,0.7659776210784912,0.0035788496024906635
0,37,alpha,0.265,0.7031463980674744,0.7132840752601624,0.014780553989112377
0,37,beta_r,0.14,0.6419496536254883,0.6639655232429504,0.020459719002246857
0,37,eta_col,0.795,0.776945948600769,0.7724639773368835,0.00611882284283638
0,37,xi_reb,0.68,0.684154212474823,0.6831226348876953,0.0028347063343971968
0,37,z_A0_eff,0.32,0.718603253364563,0.726014256477356,0.014341919682919979
0,38,alpha,0.18,0.7621103525161743,0.7685829401016235,0.007060396019369364
0,38,beta_r,0.355,0.931990385055542,0.938405454158783,0.017540493980050087
0,38,eta_col,0.48,0.7079014778137207,0.7086449265480042,0.004336223471909761
0,38,xi_reb,0.07,0.6576389670372009,0.6605777144432068,0.002164344536140561
0,38,z_A0_eff,0.09,0.8777921795845032,0.8873255848884583,0.00692386832088232
0,39,alpha,0.875,0.7253602743148804,0.7183859348297119,0.006127581465989351
0,39,beta_r,0.945,0.9728035926818848,0.9465121626853943,0.01636684685945511
0,39,eta_col,0.68,0.8850662708282471,0.8807792067527771,0.008948005735874176
0,39,xi_reb,0.15,0.7383968830108643,0.7408764362335205,0.002352021634578705
0,39,z_A0_eff,0.9,0.9460225105285645,0.9373725056648254,0.006408095825463533
1,0,alpha,0.8,0.7027767896652222,0.6953015327453613,0.008980223909020424
1,0,beta_r,0.87,0.8738349080085754,0.8569219708442688,0.015622971579432487
1,0,eta_col,0.25,0.6773703098297119,0.6801938414573669,0.0037731309421360493
1,0,xi_reb,0.495,0.4169670641422272,0.41704949736595154,0.00169910560362041
1,0,z_A0_eff,0.835,0.8019052743911743,0.7933071851730347,0.008936440572142601
1,1,alpha,0.28,0.8927000761032104,0.8997368812561035,0.013986257836222649
1,1,beta_r,0.22,0.4552282989025116,0.46193623542785645,0.00924617052078247
1,1,eta_col,0.035,0.5825845003128052,0.5891608595848083,0.003606086131185293
1,1,xi_reb,0.955,1.1789520978927612,1.1709928512573242,0.0048276521265506744
1,1,z_A0_eff,0.31,0.7125993371009827,0.716835618019104,0.010320634581148624
1,2,alpha,0.725,0.43803149461746216,0.4351215362548828,0.006916794925928116
1,2,beta_r,0.37,0.4781215190887451,0.48450103402137756,0.01590149663388729
1,2,eta_col,0.785,0.7839192152023315,0.7758958339691162,0.010177758522331715
1,2,xi_reb,0.03,0.7150644659996033,0.7202943563461304,0.002710566855967045
1,2,z_A0_eff,0.54,0.7291436195373535,0.7291207313537598,0.00829633790999651
1,3,alpha,0.91,0.8153698444366455,0.7999165058135986,0.012399356812238693
1,3,beta_r,0.945,0.4202210605144501,0.40636175870895386,0.009165682829916477
1,3,eta_col,0.16,0.6440844535827637,0.648019015789032,0.0038357721641659737
1,3,xi_reb,0.985,1.0425195693969727,1.0339722633361816,0.004173400346189737
1,3,z_A0_eff,0.965,0.9485695362091064,0.9282938241958618,0.011885453946888447
1,4,alpha,0.525,0.8825433850288391,0.8820552229881287,0.006933168508112431
1,4,beta_r,0.29,0.5874300003051758,0.5916672348976135,0.00939090084284544
1,4,eta_col,0.655,0.5820223093032837,0.5804895162582397,0.0033684272784739733
1,4,xi_reb,0.085,1.1510982513427734,1.158124566078186,0.0052811577916145325
1,4,z_A0_eff,0.64,0.878659188747406,0.8768861889839172,0.0061964597553014755
1,5,alpha,0.725,0.4471173882484436,0.44320541620254517,0.0069012390449643135
1,5,beta_r,0.315,0.7024301886558533,0.7105309963226318,0.02133309096097946
1,5,eta_col,0.71,0.8600300550460815,0.8533200025558472,0.016146773472428322
1,5,xi_reb,0.575,0.6772881746292114,0.6768878102302551,0.0034060166217386723
1,5,z_A0_eff,0.53,0.8438702821731567,0.8432253003120422,0.007620593067258596
1,6,alpha,0.035,0.8979101181030273,0.9097152948379517,0.007380000315606594
1,6,beta_r,0.83,1.0474931001663208,1.0232505798339844,0.0262379739433527
1,6,eta_col,0.0,0.7855408191680908,0.8034965991973877,0.003965025767683983
1,6,xi_reb,0.81,0.7785181999206543,0.7740809917449951,0.006296964827924967
1,6,z_A0_eff,0.02,0.7927814722061157,0.8050370812416077,0.007748215459287167
1,7,alpha,0.89,0.88371741771698,0.8735937476158142,0.008320893160998821
1,7,beta_r,0.97,0.764351487159729,0.746499240398407,0.010153531096875668
1,7,eta_col,0.925,0.9557961225509644,0.9404489398002625,0.01053586695343256
1,7,xi_reb,0.31,1.1047358512878418,1.1072100400924683,0.004699561279267073
1,7,z_A0_eff,0.925,0.9152278900146484,0.9040733575820923,0.00808034185320139
1,8,alpha,0.685,1.018296480178833,1.0104117393493652,0.01752042956650257
1,8,beta_r,0.69,0.6279361844062805,0.6198732256889343,0.01658542826771736
1,8,eta_col,0.715,0.521160364151001,0.5188412070274353,0.004969898145645857
1,8,xi_reb,0.54,0.515180766582489,0.514859676361084,0.0023923853877931833
1,8,z_A0_eff,0.605,0.7885207533836365,0.7842022180557251,0.012232190929353237
1,9,alpha,0.93,0.5311331748962402,0.517910897731781,0.008690733462572098
1,9,beta_r,0.815,1.0828863382339478,1.046647071838379,0.0402134507894516
1,9,eta_col,0.09,0.6620426177978516,0.6693622469902039,0.00679103285074234
1,9,xi_reb,0.6,0.6673201322555542,0.6663400530815125,0.0027966771740466356
1,9,z_A0_eff,0.92,0.9244202375411987,0.9111288189888,0.01026210281997919
1,10,alpha,0.865,0.6929727792739868,0.6840454936027527,0.008123762905597687
1,10,beta_r,0.85,1.012804627418518,0.9909951090812683,0.022407233715057373
1,10,eta_col,0.615,0.7933700084686279,0.7921554446220398,0.00443512387573719
1,10,xi_reb,0.695,1.070155382156372,1.0681326389312744,0.0038099910598248243
1,10,z_A0_eff,0.91,0.7345634698867798,0.7240847945213318,0.007698955945670605
1,11,alpha,0.715,1.0950719118118286,1.0902743339538574,0.00740357069298625
1,11,beta_r,0.205,0.8455485105514526,0.8562197685241699,0.011488453485071659
1,11,eta_col,0.005,0.5916694402694702,0.6002834439277649,0.0032676951959729195
1,11,xi_reb,0.665,1.1778322458267212,1.1763174533843994,0.0037877908907830715
1,11,z_A0_eff,0.875,0.9105016589164734,0.9041733741760254,0.005589665845036507
1,12,alpha,0.85,1.0670764446258545,1.0627211332321167,0.004310146905481815
1,12,beta_r,0.325,0.583610475063324,0.5865532755851746,0.005624344106763601
1,12,eta_col,0.54,0.8563224077224731,0.8558840751647949,0.00258758757263422
1,12,xi_reb,0.14,0.9875767230987549,0.9917628765106201,0.004150416702032089
1,12,z_A0_eff,0.645,0.719657301902771,0.7189511060714722,0.002375885844230652
1,13,alpha,0.645,0.5282289981842041,0.5244609713554382,0.00890298094600439
1,13,beta_r,0.705,0.6708518266677856,0.6603808403015137,0.017629390582442284
1,13,eta_col,0.575,0.931180477142334,0.9284378290176392,0.01355909276753664
1,13,xi_reb,0.355,1.0632787942886353,1.0650320053100586,0.005590600892901421
1,13,z_A0_eff,0.715,0.7089877724647522,0.704678475856781,0.008038793690502644
1,14,alpha,0.755,1.0373051166534424,1.0349586009979248,0.0035421529319137335
1,14,beta_r,0.965,1.1454323530197144,1.1238480806350708,0.013421977870166302
1,14,eta_col,0.84,0.8951960802078247,0.8927554488182068,0.0022869042586535215
1,14,xi_reb,0.755,0.601179838180542,0.5994963049888611,0.0021221262868493795
1,14,z_A0_eff,0.43,0.8144038319587708,0.8147989511489868,0.0022698212414979935
1,15,alpha,0.17,0.48033618927001953,0.4883018434047699,0.008752740919589996
1,15,beta_r,0.27,0.48854565620422363,0.49890807271003723,0.015392620116472244
1,15,eta_col,0.81,0.9242940545082092,0.9096148610115051,0.017218511551618576
1,15,xi_reb,0.005,0.8565549254417419,0.8657675385475159,0.004155304748564959
1,15,z_A0_eff,0.115,0.8226703405380249,0.8335012793540955,0.009857387281954288
1,16,alpha,0.84,1.028302550315857,1.0253406763076782,0.0035701284650713205
1,16,beta_r,0.755,1.1500284671783447,1.1408605575561523,0.01260808203369379
1,16,eta_col,0.92,0.8640550374984741,0.8594886660575867,0.003378829685971141
1,16,xi_reb,0.21,0.8390694260597229,0.8414007425308228,0.00298735941760242
1,16,z_A0_eff,0.975,0.9481809139251709,0.9422498941421509,0.0029084396082907915
1,17,alpha,0.075,1.1241999864578247,1.1403093338012695,0.010970956645905972
1,17,beta_r,0.73,0.7561745047569275,0.7495644092559814,0.010859508067369461
1,17,eta_col,0.91,0.6867108941078186,0.6804384589195251,0.005262110847979784
1,17,xi_reb,0.315,0.8275312185287476,0.8287013173103333,0.002568869385868311
1,17,z_A0_eff,0.095,0.8071972131729126,0.8164092898368835,0.0062571000307798386
1,18,alpha,0.125,0.4829145669937134,0.4928972125053406,0.008847718127071857
1,18,beta_r,0.14,0.7996320724487305,0.82606041431427,0.026310591027140617
1,18,eta_col,0.82,0.9527183771133423,0.9387087821960449,0.016080254688858986
1,18,xi_reb,0.12,0.6299008131027222,0.6338436603546143,0.003205404616892338
1,18,z_A0_eff,0.07,0.7367551326751709,0.749484121799469,0.008941518142819405
1,19,alpha,0.38,1.055747389793396,1.058587908744812,0.009098327718675137
1,19,beta_r,0.35,1.0013819932937622,1.006819248199463,0.014334214851260185
1,19,eta_col,0.635,0.704978346824646,0.7037096619606018,0.004588783718645573
1,19,xi_reb,0.87,0.5136333107948303,0.5119178891181946,0.0016164632979780436
1,19,z_A0_eff,0.315,0.795634388923645,0.7981463670730591,0.006074654404073954
1,20,alpha,0.055,0.602769136428833,0.613208532333374,0.007257800083607435
1,20,beta_r,0.085,1.0662239789962769,1.1019487380981445,0.02641323208808899
1,20,eta_col,0.475,0.5615596175193787,0.5622912049293518,0.004163190256804228
1,20,xi_reb,0.715,1.140663743019104,1.1385595798492432,0.004947333130985498
1,20,z_A0_eff,0.035,0.7922631502151489,0.8033727407455444,0.006878437474370003
1,21,alpha,0.22,0.9753545522689819,0.9782693386077881,0.0034941642079502344
1,21,beta_r,0.69,0.6734708547592163,0.670581579208374,0.006583899259567261
1,21,eta_col,0.78,0.7993841171264648,0.7970654368400574,0.0029994396027177572
1,21,xi_reb,0.235,0.8630902767181396,0.8652610778808594,0.003019117284566164
1,21,z_A0_eff,0.8,0.8023146390914917,0.8007731437683105,0.0019681549165397882
1,22,alpha,0.815,0.8457386493682861,0.8424554467201233,0.0033816173672676086
1,22,beta_r,0.65,0.80809485912323,0.8054179549217224,0.007526137866079807
1,22,eta_col,0.98,0.8655246496200562,0.8564493656158447,0.004929296672344208
1,22,xi_reb,0.23,1.1803330183029175,1.1839922666549683,0.005283871199935675
1,22,z_A0_eff,0.5,0.8178579807281494,0.8178755044937134,0.0025015727151185274
1,23,alpha,0.975,1.192360281944275,1.174262285232544,0.008677813224494457
1,23,beta_r,0.69,0.8777749538421631,0.871172308921814,0.012823207303881645
1,23,eta_col,0.5,0.5432580709457397,0.5436192154884338,0.0039474861696362495
1,23,xi_reb,0.675,0.867707371711731,0.866413950920105,0.0031538226176053286
1,23,z_A0_eff,0.97,0.9445160627365112,0.9310893416404724,0.007382924202829599
1,24,alpha,0.77,1.145095705986023,1.141223430633545,0.005035792011767626
1,24,beta_r,0.6,0.5652204155921936,0.5638576745986938,0.005314062815159559
1,24,eta_col,0.94,0.8332523703575134,0.8294317126274109,0.0024608918465673923
1,24,xi_reb,0.215,0.8328732848167419,0.8351452350616455,0.0031459410674870014
1,24,z_A0_eff,0.895,0.783968448638916,0.7815388441085815,0.002181355142965913
1,25,alpha,0.805,1.0040006637573242,1.00148606300354,0.0029725604690611362
1,25,beta_r,0.35,1.0929181575775146,1.0983400344848633,0.011738193221390247
1,25,eta_col,0.27,0.8643999099731445,0.8667920827865601,0.003895389148965478
1,25,xi_reb,0.995,0.41066694259643555,0.4052561819553375,0.002266138792037964
1,25,z_A0_eff,0.965,0.9372872710227966,0.9328882694244385,0.0023649863433092833
1,26,alpha,0.325,0.8069009780883789,0.810360312461853,0.009581183083355427
1,26,beta_r,0.37,0.9600703716278076,0.9670258164405823,0.02207726612687111
1,26,eta_col,0.885,0.5615899562835693,0.5575656890869141,0.0034726429730653763
1,26,xi_reb,0.585,0.5203021764755249,0.5200390815734863,0.0017576359678059816
1,26,z_A0_eff,0.325,0.7441658973693848,0.7473139762878418,0.008185832761228085
1,27,alpha,0.615,1.0767537355422974,1.0745916366577148,0.0054175094701349735
1,27,beta_r,0.745,0.44502902030944824,0.4428365230560303,0.0032393946312367916
1,27,eta_col,0.59,0.8425829410552979,0.8420978784561157,0.0027657297905534506
1,27,xi_reb,0.66,0.5493372082710266,0.5487593412399292,0.0018690575379878283
1,27,z_A0_eff,0.615,0.7337992191314697,0.7329559326171875,0.003106423420831561
1,28,alpha,0.8,0.8403050303459167,0.835287868976593,0.007743022870272398
1,28,beta_r,0.605,0.585689902305603,0.5836683511734009,0.007219563703984022
1,28,eta_col,0.935,0.8417552709579468,0.8335227966308594,0.0052216085605323315
1,28,xi_reb,0.195,1.1907809972763062,1.1940230131149292,0.004153191577643156
1,28,z_A0_eff,0.71,0.8584001660346985,0.8548480868339539,0.006225927267223597
1,29,alpha,0.98,0.4112418591976166,0.3958372473716736,0.007025124039500952
1,29,beta_r,0.985,1.0682083368301392,0.9668494462966919,0.04742352291941643
1,29,eta_col,0.94,0.5245238542556763,0.5171676874160767,0.004092988092452288
1,29,xi_reb,0.235,0.5486536026000977,0.5498847365379333,0.0019748257473111153
1,29,z_A0_eff,0.995,0.744953453540802,0.7262445092201233,0.007100078742951155
1,30,alpha,0.44,1.0708801746368408,1.0716519355773926,0.0053169201128184795
1,30,beta_r,0.02,0.45022937655448914,0.45808032155036926,0.003447666997089982
1,30,eta_col,0.715,0.9497731328010559,0.9487146139144897,0.007209499832242727
1,30,xi_reb,0.16,0.49471837282180786,0.4966031610965729,0.0018090525409206748
1,30,z_A0_eff,0.36,0.7267682552337646,0.7276673913002014,0.002832536119967699
1,31,alpha,0.59,1.0365325212478638,1.0363373756408691,0.0031736413948237896
1,31,beta_r,0.68,0.8609557747840881,0.8558452129364014,0.009300570003688335
1,31,eta_col,0.79,0.9968453645706177,0.9944774508476257,0.0032938725780695677
1,31,xi_reb,0.695,0.6231685280799866,0.6219844818115234,0.0020628373604267836
1,31,z_A0_eff,0.735,0.7784084677696228,0.7771036624908447,0.002163237426429987
1,32,alpha,0.745,0.9218368530273438,0.9165177941322327,0.008837061002850533
1,32,beta_r,0.81,1.1643948554992676,1.144754409790039,0.022820256650447845
1,32,eta_col,0.49,0.5997028350830078,0.6001306772232056,0.004963596351444721
1,32,xi_reb,0.32,0.4195096492767334,0.4203703999519348,0.001758570084348321
1,32,z_A0_eff,0.73,0.716081440448761,0.7126507759094238,0.006021855399012566
1,33,alpha,0.985,1.191076397895813,1.1817818880081177,0.0037965895608067513
1,33,beta_r,0.245,0.5802904367446899,0.5831884145736694,0.004131570924073458
1,33,eta_col,0.095,0.9167335033416748,0.919522225856781,0.0024123922921717167
1,33,xi_reb,0.65,0.4889545440673828,0.488032728433609,0.002806589938700199
1,33,z_A0_eff,0.845,0.947266697883606,0.9451550841331482,0.0026330389082431793
1,34,alpha,0.15,0.6227812170982361,0.6343362927436829,0.011250907555222511
1,34,beta_r,0.275,1.1130040884017944,1.1324315071105957,0.03595146909356117
1,34,eta_col,0.885,0.907027006149292,0.8906543850898743,0.01480976864695549
1,34,xi_reb,0.375,0.7680820822715759,0.7693091034889221,0.004222170915454626
1,34,z_A0_eff,0.195,0.8051968812942505,0.816204845905304,0.012508993037045002
1,35,alpha,0.43,0.7114617228507996,0.7118636965751648,0.006854104809463024
1,35,beta_r,0.87,0.9504919052124023,0.9332380890846252,0.015475369989871979
1,35,eta_col,0.335,0.8580065369606018,0.861417293548584,0.008083567954599857
1,35,xi_reb,0.41,1.1273620128631592,1.128504753112793,0.004197309724986553
1,35,z_A0_eff,0.51,0.8556534051895142,0.8544806838035583,0.006911235395818949
1,36,alpha,0.635,1.017428994178772,1.0152629613876343,0.007017448078840971
1,36,beta_r,0.86,1.1564401388168335,1.1358016729354858,0.020389359444379807
1,36,eta_col,0.405,0.6346522569656372,0.6358186602592468,0.005277292337268591
1,36,xi_reb,0.635,0.8950787782669067,0.8944568037986755,0.002819148590788245
1,36,z_A0_eff,0.86,0.7648317813873291,0.7605482339859009,0.00453107850626111
1,37,alpha,0.025,0.7031463980674744,0.7305401563644409,0.013516057282686234
1,37,beta_r,0.095,0.6419496536254883,0.6694995760917664,0.02166728489100933
1,37,eta_col,0.64,0.776945948600769,0.774251401424408,0.0066919466480612755
1,37,xi_reb,0.555,0.684154212474823,0.6839954853057861,0.0029780566692352295
1,37,z_A0_eff,0.02,0.718603253364563,0.7413346767425537,0.012615205720067024
1,38,alpha,0.295,0.7621103525161743,0.7679939270019531,0.020276697352528572
1,38,beta_r,0.49,0.931990385055542,0.934742271900177,0.017438944429159164
1,38,eta_col,0.76,0.7079014778137207,0.705329418182373,0.0039999233558773994
1,38,xi_reb,0.67,0.6576389670372009,0.656663179397583,0.0022414340637624264
1,38,z_A0_eff,0.28,0.8777921795845032,0.883098840713501,0.009122571907937527
1,39,alpha,0.835,0.7253602743148804,0.7190687656402588,0.006235751323401928
1,39,beta_r,0.93,0.9728035926818848,0.9494141936302185,0.016698313876986504
1,39,eta_col,0.82,0.8850662708282471,0.8743079900741577,0.012595388107001781
1,39,xi_reb,0.18,0.7383968830108643,0.7409579753875732,0.003229758469387889
1,39,z_A0_eff,0.865,0.9460225105285645,0.9390272498130798,0.0064064511097967625
2,0,alpha,0.675,0.7027767896652222,0.6994735598564148,0.006900629960000515
2,0,beta_r,0.355,0.8738349080085754,0.880128800868988,0.016180789098143578
2,0,eta_col,0.63,0.6773703098297119,0.676250159740448,0.003455209080129862
2,0,xi_reb,0.51,0.4169670641422272,0.41682204604148865,0.0019543818198144436
2,0,z_A0_eff,0.66,0.8019052743911743,0.7990840673446655,0.007071501109749079
2,1,alpha,0.435,0.8927000761032104,0.8949461579322815,0.014097172766923904
2,1,beta_r,0.61,0.4552282989025116,0.4530298709869385,0.01099272072315216
2,1,eta_col,0.29,0.5825845003128052,0.5848550796508789,0.004219530150294304
2,1,xi_reb,0.835,1.1789520978927612,1.1744543313980103,0.005142016801983118
2,1,z_A0_eff,0.52,0.7125993371009827,0.7136256694793701,0.010341192595660686
2,2,alpha,0.595,0.43803149461746216,0.43608948588371277,0.00906932633370161
2,2,beta_r,0.22,0.4781215190887451,0.48992621898651123,0.016580427065491676
2,2,eta_col,0.45,0.7839192152023315,0.7847421169281006,0.009183633141219616
2,2,xi_reb,0.12,0.7150644659996033,0.7180101275444031,0.002751723164692521
2,2,z_A0_eff,0.46,0.7291436195373535,0.7303129434585571,0.009791742078959942
2,3,alpha,0.945,0.8153698444366455,0.8008700609207153,0.009907247498631477
2,3,beta_r,0.965,0.4202210605144501,0.4068419337272644,0.008514003828167915
2,3,eta_col,1.0,0.6440844535827637,0.6331366896629333,0.003942073322832584
2,3,xi_reb,0.01,1.0425195693969727,1.0508085489273071,0.00399404251947999
2,3,z_A0_eff,0.99,0.9485695362091064,0.9324233531951904,0.00998174399137497
2,4,alpha,0.8,0.8825433850288391,0.8777462840080261,0.006381523795425892
2,4,beta_r,0.46,0.5874300003051758,0.5876575708389282,0.00841846689581871
2,4,eta_col,0.285,0.5820223093032837,0.5838688611984253,0.0034999141935259104
2,4,xi_reb,0.69,1.1510982513427734,1.1488850116729736,0.005184972658753395
2,4,z_A0_eff,0.76,0.878659188747406,0.8757420182228088,0.005550800822675228
2,5,alpha,0.81,0.4471173882484436,0.4399353861808777,0.008759022690355778
2,5,beta_r,0.655,0.7024301886558533,0.6948478817939758,0.02216215990483761
2,5,eta_col,0.315,0.8600300550460815,0.8674300909042358,0.015297056175768375
2,5,xi_reb,0.06,0.6772881746292114,0.6821116805076599,0.003349542384967208
2,5,z_A0_eff,0.63,0.8438702821731567,0.8408709168434143,0.009763979353010654
2,6,alpha,0.865,0.8979101181030273,0.8914391994476318,0.006544548086822033
2,6,beta_r,1.0,1.0474931001663208,0.9830456376075745,0.02452479861676693
2,6,eta_col,0.875,0.7855408191680908,0.7802156209945679,0.005043381359428167
2,6,xi_reb,0.125,0.7785181999206543,0.7826017737388611,0.0038017851766198874
2,6,z_A0_eff,0.87,0.7927814722061157,0.7871536016464233,0.005548158194869757
2,7,alpha,0.7,0.88371741771698,0.8792917132377625,0.008965888991951942
2,7,beta_r,0.97,0.764351487159729,0.7406017184257507,0.01266895979642868
2,7,eta_col,0.915,0.9557961225509644,0.9442973136901855,0.00931793637573719
2,7,xi_reb,0.245,1.1047358512878418,1.1074950695037842,0.004160453099757433
2,7,z_A0_eff,0.665,0.9152278900146484,0.9116227030754089,0.010237740352749825
2,8,alpha,0.59,1.018296480178833,1.011772632598877,0.017854180186986923
2,8,beta_r,0.495,0.6279361844062805,0.6260809898376465,0.01744077168405056
2,8,eta_col,0.365,0.521160364151001,0.522574245929718,0.004454970359802246
2,8,xi_reb,0.88,0.515180766582489,0.5127294659614563,0.001956038875505328
2,8,z_A0_eff,0.61,0.7885207533836365,0.7836245894432068,0.013117123395204544
2,9,alpha,0.89,0.5311331748962402,0.5204737782478333,0.008602040819823742
2,9,beta_r,0.92,1.0828863382339478,1.0351089239120483,0.03512377664446831
2,9,eta_col,0.02,0.6620426177978516,0.6754544973373413,0.0065594809129834175
2,9,xi_reb,0.52,0.6673201322555542,0.6672050952911377,0.0024184633512049913
2,9,z_A0_eff,0.87,0.9244202375411987,0.9132747054100037,0.009747582487761974
2,10,alpha,0.615,0.6929727792739868,0.6909417510032654,0.006084774155169725
2,10,beta_r,0.935,1.012804627418518,0.9826117753982544,0.019569694995880127
2,10,eta_col,0.635,0.7933700084686279,0.7919511198997498,0.004695562645792961
2,10,xi_reb,0.825,1.070155382156372,1.067209005355835,0.0037263850681483746
2,10,z_A0_eff,0.77,0.7345634698867798,0.7296726703643799,0.005989451427012682
2,11,alpha,0.265,1.0950719118118286,1.0989500284194946,0.006131170783191919
2,11,beta_r,0.2,0.8455485105514526,0.8534632325172424,0.010206234641373158
2,11,eta_col,0.195,0.5916694402694702,0.5945183634757996,0.0035345933865755796
2,11,xi_reb,0.815,1.1778322458267212,1.1745247840881348,0.00414504436776042
2,11,z_A0_eff,0.435,0.9105016589164734,0.9117176532745361,0.004624944645911455
2,12,alpha,0.51,1.0670764446258545,1.0676016807556152,0.0055368803441524506
2,12,beta_r,0.28,0.583610475063324,0.5869075655937195,0.006090891547501087
2,12,eta_col,0.28,0.8563224077224731,0.8582866787910461,0.0036509274505078793
2,12,xi_reb,0.205,0.9875767230987549,0.9904811382293701,0.0037211840972304344
2,12,z_A0_eff,0.5,0.719657301902771,0.7199337482452393,0.0030896810349076986
2,13,alpha,0.77,0.5282289981842041,0.5232872366905212,0.006956682540476322
2,13,beta_r,0.825,0.6708518266677856,0.6562352180480957,0.016309302300214767
2,13,eta_col,0.7,0.931180477142334,0.9250608682632446,0.011740281246602535
2,13,xi_reb,0.225,1.0632787942886353,1.06687593460083,0.0044512818567454815
2,13,z_A0_eff,0.825,0.7089877724647522,0.7031750679016113,0.006955787073820829
2,14,alpha,0.865,1.0373051166534424,1.0337871313095093,0.003643242409452796
2,14,beta_r,0.75,1.1454323530197144,1.1343868970870972,0.018023468554019928
2,14,eta_col,0.565,0.8951960802078247,0.8947865962982178,0.0037590956781059504
2,14,xi_reb,0.435,0.601179838180542,0.601348340511322,0.0023758276365697384
2,14,z_A0_eff,0.66,0.8144038319587708,0.8138158321380615,0.0024864438455551863
2,15,alpha,0.28,0.48033618927001953,0.4866725206375122,0.010482612065970898
2,15,beta_r,0.28,0.48854565620422363,0.49849405884742737,0.016620147973299026
2,15,eta_col,0.685,0.9242940545082092,0.9187402129173279,0.013603798113763332
2,15,xi_reb,0.575,0.8565549254417419,0.8578144907951355,0.02790580317378044
2,15,z_A0_eff,0.21,0.8226703405380249,0.8329878449440002,0.011883147060871124
2,16,alpha,0.705,1.028302550315857,1.0273507833480835,0.010091329924762249
2,16,beta_r,0.895,1.1500284671783447,1.1280654668807983,0.01672370918095112
2,16,eta_col,0.465,0.8640550374984741,0.8644400238990784,0.004376483615487814
2,16,xi_reb,0.82,0.8390694260597229,0.8368440866470337,0.0027304417453706264
2,16,z_A0_eff,0.795,0.9481809139251709,0.9459847807884216,0.003661416471004486
2,17,alpha,0.025,1.1241999864578247,1.1413935422897339,0.009158444590866566
2,17,beta_r,0.295,0.7561745047569275,0.7615358233451843,0.010758192278444767
2,17,eta_col,0.465,0.6867108941078186,0.6873204112052917,0.005260291509330273
2,17,xi_reb,0.575,0.8275312185287476,0.8270568251609802,0.0029275272972881794
2,17,z_A0_eff,0.03,0.8071972131729126,0.8189684152603149,0.005933396518230438
2,18,alpha,0.015,0.4829145669937134,0.4977576434612274,0.007174968253821135
2,18,beta_r,0.225,0.7996320724487305,0.8208787441253662,0.02587941661477089
2,18,eta_col,0.755,0.9527183771133423,0.9434072971343994,0.012514851056039333
2,18,xi_reb,0.065,0.6299008131027222,0.63375324010849,0.002808941528201103
2,18,z_A0_eff,0.03,0.7367551326751709,0.7518010139465332,0.007036292459815741
2,19,alpha,0.245,1.055747389793396,1.0600885152816772,0.009203420951962471
2,19,beta_r,0.045,1.0013819932937622,1.0268934965133667,0.016710521653294563
2,19,eta_col,0.465,0.704978346824646,0.7053407430648804,0.004646780900657177
2,19,xi_reb,0.33,0.5136333107948303,0.5144675374031067,0.0020068613812327385
2,19,z_A0_eff,0.205,0.795634388923645,0.8001214861869812,0.006883066147565842
2,20,alpha,0.035,0.602769136428833,0.6154994964599609,0.006606708280742168
2,20,beta_r,0.075,1.0662239789962769,1.1094094514846802,0.028371360152959824
2,20,eta_col,0.47,0.5615596175193787,0.5617387294769287,0.0038684066385030746
2,20,xi_reb,0.285,1.140663743019104,1.1428402662277222,0.003651456208899617
2,20,z_A0_eff,0.045,0.7922631502151489,0.802506685256958,0.006225357297807932
2,21,alpha,0.685,0.9753545522689819,0.9736286401748657,0.003746406640857458
2,21,beta_r,0.91,0.6734708547592163,0.6651936173439026,0.006667072884738445
2,21,eta_col,0.455,0.7993841171264648,0.7998419404029846,0.0030509799253195524
2,21,xi_reb,0.395,0.8630902767181396,0.8638758659362793,0.002781996736302972
2,21,z_A0_eff,0.7,0.8023146390914917,0.8013418316841125,0.0025040211621671915
2,22,alpha,0.965,0.8457386493682861,0.8393844366073608,0.0034045279026031494
2,22,beta_r,0.71,0.80809485912323,0.8025305271148682,0.012054425664246082
2,22,eta_col,0.415,0.8655246496200562,0.8662934899330139,0.00502780033275485
2,22,xi_reb,0.045,1.1803330183029175,1.187943696975708,0.004401045385748148
2,22,z_A0_eff,0.615,0.8178579807281494,0.8170117735862732,0.003033858723938465
2,23,alpha,0.84,1.192360281944275,1.1838459968566895,0.008328249678015709
2,23,beta_r,0.455,0.8777749538421631,0.8793287873268127,0.011190571822226048
2,23,eta_col,0.405,0.5432580709457397,0.5440542101860046,0.0033946619369089603
2,23,xi_reb,0.97,0.867707371711731,0.8630225658416748,0.0024317370261996984
2,23,z_A0_eff,0.84,0.9445160627365112,0.9387891292572021,0.006176626775413752
2,24,alpha,0.455,1.145095705986023,1.1459556818008423,0.005462222266942263
2,24,beta_r,0.565,0.5652204155921936,0.5647479295730591,0.005136904772371054
2,24,eta_col,0.49,0.8332523703575134,0.8335538506507874,0.00303201237693429
2,24,xi_reb,0.92,0.8328732848167419,0.8287920951843262,0.002923468127846718
2,24,z_A0_eff,0.34,0.783968448638916,0.7847278714179993,0.001975062768906355
2,25,alpha,0.745,1.0040006637573242,1.0015629529953003,0.004077384248375893
2,25,beta_r,0.13,1.0929181575775146,1.1098560094833374,0.015494091436266899
2,25,eta_col,0.015,0.8643999099731445,0.8754190802574158,0.0058130789548158646
2,25,xi_reb,0.895,0.41066694259643555,0.40818867087364197,0.0020912475883960724
2,25,z_A0_eff,0.535,0.9372872710227966,0.9371686577796936,0.0033923578448593616
2,26,alpha,0.34,0.8069009780883789,0.8101583123207092,0.00856743659824133
2,26,beta_r,0.61,0.9600703716278076,0.9530478715896606,0.020482711493968964
2,26,eta_col,0.79,0.5615899562835693,0.5584143996238708,0.003723704954609275
2,26,xi_reb,0.26,0.5203021764755249,0.5213158130645752,0.0017600967548787594
2,26,z_A0_eff,0.255,0.7441658973693848,0.7485790252685547,0.007270154543220997
2,27,alpha,0.755,1.0767537355422974,1.0726886987686157,0.006415057927370071
2,27,beta_r,0.89,0.44502902030944824,0.44009971618652344,0.004225119482725859
2,27,eta_col,0.405,0.8425829410552979,0.843649685382843,0.0036771041341125965
2,27,xi_reb,0.73,0.5493372082710266,0.5481947064399719,0.0019280313281342387
2,27,z_A0_eff,0.445,0.7337992191314697,0.7337627410888672,0.003691313322633505
2,28,alpha,0.74,0.8403050303459167,0.83599853515625,0.005952300038188696
2,28,beta_r,0.32,0.585689902305603,0.589113175868988,0.007292710244655609
2,28,eta_col,0.685,0.8417552709579468,0.839444100856781,0.004995896480977535
2,28,xi_reb,0.385,1.1907809972763062,1.19181489944458,0.004446066915988922
2,28,z_A0_eff,0.4,0.8584001660346985,0.8598847389221191,0.005660609807819128
2,29,alpha,0.94,0.4112418591976166,0.4010116159915924,0.007116527296602726
2,29,beta_r,0.93,1.0682083368301392,1.0100668668746948,0.044571179896593094
2,29,eta_col,0.5,0.5245238542556763,0.5244866013526917,0.003262861631810665
2,29,xi_reb,0.43,0.5486536026000977,0.5490723252296448,0.0015492558013647795
2,29,z_A0_eff,0.935,0.744953453540802,0.7349161505699158,0.0072784810326993465
2,30,alpha,0.175,1.0708801746368408,1.0754039287567139,0.00509086437523365
2,30,beta_r,0.065,0.45022937655448914,0.455696702003479,0.004369718488305807
2,30,eta_col,0.195,0.9497731328010559,0.9545301795005798,0.005758865270763636
2,30,xi_reb,0.62,0.49471837282180786,0.4942268133163452,0.001855070237070322
2,30,z_A0_eff,0.73,0.7267682552337646,0.7252311110496521,0.002693039830774069
2,31,alpha,0.41,1.0365325212478638,1.0373927354812622,0.003044301411136985
2,31,beta_r,0.65,0.8609557747840881,0.8569932579994202,0.010087734088301659
2,31,eta_col,0.3,0.9968453645706177,0.9984274506568909,0.003294110530987382
2,31,xi_reb,0.72,0.6231685280799866,0.6220285892486572,0.0019983819220215082
2,31,z_A0_eff,0.51,0.7784084677696228,0.7783706784248352,0.0017370912246406078
2,32,alpha,0.705,0.9218368530273438,0.9185823202133179,0.007264601998031139
2,32,beta_r,0.46,1.1643948554992676,1.1644833087921143,0.022160904482007027
2,32,eta_col,0.155,0.5997028350830078,0.6044247150421143,0.004802407696843147
2,32,xi_reb,0.95,0.4195096492767334,0.4173647165298462,0.003322811331599951
2,32,z_A0_eff,0.795,0.716081440448761,0.7118684649467468,0.005840005818754435
2,33,alpha,0.975,1.191076397895813,1.181597113609314,0.005380360875278711
2,33,beta_r,0.7,0.5802904367446899,0.578216552734375,0.004107053857296705
2,33,eta_col,0.25,0.9167335033416748,0.9197076559066772,0.004432739224284887
2,33,xi_reb,0.695,0.4889545440673828,0.4879878759384155,0.0019367656204849482
2,33,z_A0_eff,0.815,0.947266697883606,0.9446969032287598,0.00302769779227674
2,34,alpha,0.35,0.6227812170982361,0.6273843050003052,0.013185099698603153
2,34,beta_r,0.36,1.1130040884017944,1.1235524415969849,0.04070896655321121
2,34,eta_col,0.76,0.907027006149292,0.900389552116394,0.013804003596305847
2,34,xi_reb,0.64,0.7680820822715759,0.7663412690162659,0.004471285734325647
2,34,z_A0_eff,0.46,0.8051968812942505,0.8066675066947937,0.013010132126510143
2,35,alpha,0.93,0.7114617228507996,0.7006229162216187,0.007076706737279892
2,35,beta_r,0.94,0.9504919052124023,0.9241459369659424,0.015858689323067665
2,35,eta_col,0.625,0.8580065369606018,0.8566276431083679,0.007212360389530659
2,35,xi_reb,0.275,1.1273620128631592,1.1295411586761475,0.004308839328587055
2,35,z_A0_eff,0.755,0.8556534051895142,0.8516587615013123,0.006679176352918148
2,36,alpha,0.505,1.017428994178772,1.017581582069397,0.005746840965002775
2,36,beta_r,0.63,1.1564401388168335,1.148120403289795,0.020021630451083183
2,36,eta_col,0.275,0.6346522569656372,0.6371787786483765,0.004515947308391333
2,36,xi_reb,0.77,0.8950787782669067,0.8930311799049377,0.002914853161200881
2,36,z_A0_eff,0.52,0.7648317813873291,0.7643260359764099,0.004450250882655382
2,37,alpha,0.06,0.7031463980674744,0.7275835275650024,0.016734529286623
2,37,beta_r,0.07,0.6419496536254883,0.6716033816337585,0.022060902789235115
2,37,eta_col,0.095,0.776945948600769,0.7849804759025574,0.006179903633892536
2,37,xi_reb,0.95,0.684154212474823,0.679430365562439,0.0032842971850186586
2,37,z_A0_eff,0.055,0.718603253364563,0.7394703030586243,0.015721052885055542
2,38,alpha,0.33,0.7621103525161743,0.7663906812667847,0.008433335460722446
2,38,beta_r,0.64,0.931990385055542,0.9268516302108765,0.015146037563681602
2,38,eta_col,0.765,0.7079014778137207,0.7056801319122314,0.0038987044245004654
2,38,xi_reb,0.88,0.6576389670372009,0.6554318070411682,0.002104617888107896
2,38,z_A0_eff,0.205,0.8777921795845032,0.8848455548286438,0.00871811993420124
2,39,alpha,0.975,0.7253602743148804,0.7123074531555176,0.006740185432136059
2,39,beta_r,0.98,0.9728035926818848,0.9425842761993408,0.014743049629032612
2,39,eta_col,0.73,0.8850662708282471,0.880332887172699,0.009798984043300152
2,39,xi_reb,0.25,0.7383968830108643,0.7403555512428284,0.0032042015809565783
2,39,z_A0_eff,0.915,0.9460225105285645,0.9360788464546204,0.007699359208345413
3,0,alpha,0.935,0.7027767896652222,0.6905351281166077,0.008676974102854729
3,0,beta_r,0.675,0.8738349080085754,0.8632624745368958,0.023536792024970055
3,0,eta_col,0.91,0.6773703098297119,0.6725624203681946,0.0036342700477689505
3,0,xi_reb,0.22,0.4169670641422272,0.4185450077056885,0.0020119687542319298
3,0,z_A0_eff,0.805,0.8019052743911743,0.7956125140190125,0.00840009469538927
3,1,alpha,0.35,0.8927000761032104,0.897357165813446,0.013325472362339497
3,1,beta_r,0.485,0.4552282989025116,0.45607781410217285,0.011052030138671398
3,1,eta_col,0.4,0.5825845003128052,0.583814799785614,0.004340430721640587
3,1,xi_reb,0.955,1.1789520978927612,1.1708612442016602,0.0049251108430325985
3,1,z_A0_eff,0.34,0.7125993371009827,0.7170794606208801,0.010957404971122742
3,2,alpha,0.495,0.43803149461746216,0.43964245915412903,0.00953163392841816
3,2,beta_r,0.37,0.4781215190887451,0.48509275913238525,0.016604868695139885
3,2,eta_col,0.755,0.7839192152023315,0.7790924310684204,0.00859468150883913
3,2,xi_reb,0.06,0.7150644659996033,0.7189843654632568,0.002789241261780262
3,2,z_A0_eff,0.38,0.7291436195373535,0.7330588698387146,0.010399037972092628
3,3,alpha,0.98,0.8153698444366455,0.7913639545440674,0.010645927861332893
3,3,beta_r,1.0,0.4202210605144501,0.4001465141773224,0.007865654304623604
3,3,eta_col,0.775,0.6440844535827637,0.6417242288589478,0.003199630416929722
3,3,xi_reb,0.735,1.0425195693969727,1.0398354530334473,0.003924481105059385
3,3,z_A0_eff,0.995,0.9485695362091064,0.9268463253974915,0.009799064137041569
3,4,alpha,0.79,0.8825433850288391,0.8785027861595154,0.006387089379131794
3,4,beta_r,0.51,0.5874300003051758,0.5875318646430969,0.00813415925949812
3,4,eta_col,0.09,0.5820223093032837,0.5865568518638611,0.0032018113415688276
3,4,xi_reb,0.71,1.1510982513427734,1.1484951972961426,0.004901803098618984
3,4,z_A0_eff,0.625,0.878659188747406,0.8771780133247375,0.006328738760203123
3,5,alpha,0.795,0.4471173882484436,0.4406934976577759,0.008037255145609379
3,5,beta_r,0.79,0.7024301886558533,0.6833566427230835,0.021505283191800117
3,5,eta_col,0.325,0.8600300550460815,0.8654289245605469,0.013585503213107586
3,5,xi_reb,0.43,0.6772881746292114,0.6779918074607849,0.0029584974981844425
3,5,z_A0_eff,0.68,0.8438702821731567,0.8401477336883545,0.009032408706843853
3,6,alpha,0.51,0.8979101181030273,0.8974973559379578,0.008945814333856106
3,6,beta_r,0.995,1.0474931001663208,0.9936923384666443,0.020720530301332474
3,6,eta_col,0.95,0.7855408191680908,0.7773153781890869,0.004690832458436489
3,6,xi_reb,0.805,0.7785181999206543,0.7749363780021667,0.004007874056696892
3,6,z_A0_eff,0.43,0.7927814722061157,0.7938390374183655,0.008278430439531803
3,7,alpha,0.64,0.88371741771698,0.8818124532699585,0.007212864235043526
3,7,beta_r,0.95,0.764351487159729,0.7493393421173096,0.008803579024970531
3,7,eta_col,0.45,0.9557961225509644,0.9567338824272156,0.0070317592471838
3,7,xi_reb,0.255,1.1047358512878418,1.1072115898132324,0.004115359392017126
3,7,z_A0_eff,0.69,0.9152278900146484,0.9124729633331299,0.0068702069111168385
3,8,alpha,0.86,1.018296480178833,1.000187873840332,0.017294378951191902
3,8,beta_r,0.785,0.6279361844062805,0.6138250827789307,0.016596024855971336
3,8,eta_col,0.355,0.521160364151001,0.5227400660514832,0.005083014722913504
3,8,xi_reb,0.785,0.515180766582489,0.5131604671478271,0.002691449597477913
3,8,z_A0_eff,0.84,0.7885207533836365,0.7773876786231995,0.0117702167481184
3,9,alpha,0.87,0.5311331748962402,0.5190317034721375,0.010457813739776611
3,9,beta_r,0.825,1.0828863382339478,1.0441726446151733,0.041918203234672546
3,9,eta_col,0.335,0.6620426177978516,0.665113627910614,0.007068211678415537
3,9,xi_reb,0.85,0.6673201322555542,0.6649842262268066,0.0025950707495212555
3,9,z_A0_eff,0.84,0.9244202375411987,0.9138088822364807,0.011458848603069782
3,10,alpha,0.64,0.6929727792739868,0.6905836462974548,0.007270153146237135
3,10,beta_r,0.775,1.012804627418518,0.9965518116950989,0.021352868527173996
3,10,eta_col,0.56,0.7933700084686279,0.7929900288581848,0.004854333121329546
3,10,xi_reb,0.335,1.070155382156372,1.071825385093689,0.004052662756294012
3,10,z_A0_eff,0.81,0.7345634698867798,0.7283977270126343,0.007090514991432428
3,11,alpha,0.635,1.0950719118118286,1.093212604522705,0.007194828242063522
3,11,beta_r,0.25,0.8455485105514526,0.8523870706558228,0.011091949418187141
3,11,eta_col,0.285,0.5916694402694702,0.59340900182724,0.003289801999926567
3,11,xi_reb,0.975,1.1778322458267212,1.1694154739379883,0.004480722360312939
3,11,z_A0_eff,0.725,0.9105016589164734,0.9080287218093872,0.0051485029980540276
3,12,alpha,0.765,1.0670764446258545,1.0641918182373047,0.003583737416192889
3,12,beta_r,0.46,0.583610475063324,0.5841196179389954,0.005175377242267132
3,12,eta_col,0.905,0.8563224077224731,0.8513361215591431,0.0035348194651305676
3,12,xi_reb,0.21,0.9875767230987549,0.9904980659484863,0.0038224670570343733
3,12,z_A0_eff,0.625,0.719657301902771,0.7187124490737915,0.002439154079183936
3,13,alpha,0.93,0.5282289981842041,0.5191017985343933,0.0060871439054608345
3,13,beta_r,0.965,0.6708518266677856,0.6450623869895935,0.013739085756242275
3,13,eta_col,0.385,0.931180477142334,0.9347111582756042,0.010529779829084873
3,13,xi_reb,0.69,1.0632787942886353,1.0612633228302002,0.004487970378249884
3,13,z_A0_eff,0.86,0.7089877724647522,0.7013070583343506,0.006305950693786144
3,14,alpha,0.975,1.0373051166534424,1.0318800210952759,0.0027741994708776474
3,14,beta_r,0.515,1.1454323530197144,1.1453347206115723,0.015618295408785343
3,14,eta_col,0.77,0.8951960802078247,0.8926551938056946,0.0031392553355544806
3,14,xi_reb,0.825,0.601179838180542,0.5988771319389343,0.0024242261424660683
3,14,z_A0_eff,0.755,0.8144038319587708,0.8127923011779785,0.002210525795817375
3,15,alpha,0.285,0.48033618927001953,0.486089289188385,0.009993336163461208
3,15,beta_r,0.525,0.48854565620422363,0.48794203996658325,0.01576211303472519
3,15,eta_col,0.83,0.9242940545082092,0.9103526473045349,0.014880242757499218
3,15,xi_reb,0.07,0.8565549254417419,0.8627760410308838,0.004343412350863218
3,15,z_A0_eff,0.26,0.8226703405380249,0.8295060992240906,0.011350397951900959
3,16,alpha,0.945,1.028302550315857,1.0233246088027954,0.003172066994011402
3,16,beta_r,0.89,1.1500284671783447,1.1363143920898438,0.01164512149989605
3,16,eta_col,0.705,0.8640550374984741,0.862500011920929,0.003194372169673443
3,16,xi_reb,0.33,0.8390694260597229,0.8404641151428223,0.00334593141451478
3,16,z_A0_eff,0.97,0.9481809139251709,0.9429569840431213,0.002589206211268902
3,17,alpha,0.075,1.1241999864578247,1.1358695030212402,0.008640559390187263
3,17,beta_r,0.595,0.7561745047569275,0.7526363134384155,0.008975876495242119
3,17,eta_col,0.875,0.6867108941078186,0.6814993023872375,0.0045152995735406876
3,17,xi_reb,0.345,0.8275312185287476,0.8290941119194031,0.0032901412341743708
3,17,z_A0_eff,0.09,0.8071972131729126,0.8133628964424133,0.005567966494709253
3,18,alpha,0.185,0.4829145669937134,0.49087509512901306,0.008269546553492546
3,18,beta_r,0.425,0.7996320724487305,0.804263174533844,0.025355538353323936
3,18,eta_col,0.825,0.9527183771133423,0.9417070746421814,0.012503165751695633
3,18,xi_reb,0.055,0.6299008131027222,0.634160041809082,0.0026089774910360575
3,18,z_A0_eff,0.105,0.7367551326751709,0.7465528249740601,0.008818885311484337
3,19,alpha,0.23,1.055747389793396,1.0617594718933105,0.008695550262928009
3,19,beta_r,0.445,1.0013819932937622,1.0034575462341309,0.017559997737407684
3,19,eta_col,0.85,0.704978346824646,0.7010565996170044,0.004007360432296991
3,19,xi_reb,0.725,0.5136333107948303,0.5125693678855896,0.00211572227999568
3,19,z_A0_eff,0.185,0.795634388923645,0.8004060983657837,0.005491496063768864
3,20,alpha,0.03,0.602769136428833,0.6163164377212524,0.006840967107564211
3,20,beta_r,0.095,1.0662239789962769,1.1030306816101074,0.029082737863063812
3,20,eta_col,0.41,0.5615596175193787,0.5622574687004089,0.0031884817872196436
3,20,xi_reb,0.465,1.140663743019104,1.1412370204925537,0.0044140140525996685
3,20,z_A0_eff,0.04,0.7922631502151489,0.8035485744476318,0.006713543552905321
3,21,alpha,0.155,0.9753545522689819,0.9786210656166077,0.0031693442724645138
3,21,beta_r,0.46,0.6734708547592163,0.6741812229156494,0.006499029695987701
3,21,eta_col,0.96,0.7993841171264648,0.7941610813140869,0.0030173480045050383
3,21,xi_reb,0.085,0.8630902767181396,0.8677058219909668,0.003184080123901367
3,21,z_A0_eff,0.145,0.8023146390914917,0.8046308755874634,0.0026687877252697945
3,22,alpha,0.99,0.8457386493682861,0.8380062580108643,0.0031556496396660805
3,22,beta_r,0.995,0.80809485912323,0.7882282137870789,0.007240921258926392
3,22,eta_col,0.15,0.8655246496200562,0.8695234060287476,0.0039781248196959496
3,22,xi_reb,0.88,1.1803330183029175,1.1750155687332153,0.004599629435688257
3,22,z_A0_eff,0.87,0.8178579807281494,0.8147135972976685,0.0030098510906100273
3,23,alpha,0.9,1.192360281944275,1.1829549074172974,0.007860679179430008
3,23,beta_r,0.76,0.8777749538421631,0.870582103729248,0.011608717031776905
3,23,eta_col,0.405,0.5432580709457397,0.5440250635147095,0.003358042100444436
3,23,xi_reb,0.905,0.867707371711731,0.8637003302574158,0.002939982805401087
3,23,z_A0_eff,0.93,0.9445160627365112,0.9356382489204407,0.006145097315311432
3,24,alpha,0.755,1.145095705986023,1.1422938108444214,0.004377270583063364
3,24,beta_r,0.86,0.5652204155921936,0.5599768757820129,0.004705855622887611
3,24,eta_col,0.405,0.8332523703575134,0.8339834809303284,0.0033935699611902237
3,24,xi_reb,0.685,0.8328732848167419,0.831524670124054,0.003267451887950301
3,24,z_A0_eff,0.51,0.783968448638916,0.7839459180831909,0.0026488234288990498
3,25,alpha,0.715,1.0040006637573242,1.0022412538528442,0.003110788995400071
3,25,beta_r,0.07,1.0929181575775146,1.115953803062439,0.01379491202533245
3,25,eta_col,0.945,0.8643999099731445,0.8580690026283264,0.003550163470208645
3,25,xi_reb,0.955,0.41066694259643555,0.4079100787639618,0.001791955903172493
3,25,z_A0_eff,0.825,0.9372872710227966,0.9348425269126892,0.00276986975222826
3,26,alpha,0.475,0.8069009780883789,0.8069947957992554,0.008913635276257992
3,26,beta_r,0.545,0.9600703716278076,0.9584042429924011,0.02365058846771717
3,26,eta_col,0.965,0.5615899562835693,0.5550963878631592,0.0036126021295785904
3,26,xi_reb,0.245,0.5203021764755249,0.522080659866333,0.002134433016180992
3,26,z_A0_eff,0.2,0.7441658973693848,0.7500196099281311,0.007497308775782585
3,27,alpha,0.61,1.0767537355422974,1.0754398107528687,0.004961089231073856
3,27,beta_r,0.715,0.44502902030944824,0.4428722858428955,0.00398514699190855
3,27,eta_col,0.65,0.8425829410552979,0.8412232995033264,0.003917851019650698
3,27,xi_reb,0.605,0.5493372082710266,0.5487024784088135,0.002395044080913067
3,27,z_A0_eff,0.365,0.7337992191314697,0.7345327734947205,0.0031193653121590614
3,28,alpha,0.775,0.8403050303459167,0.8360753059387207,0.0071757095865905285
3,28,beta_r,0.615,0.585689902305603,0.5837874412536621,0.008538981899619102
3,28,eta_col,0.645,0.8417552709579468,0.8401055932044983,0.004820726346224546
3,28,xi_reb,0.435,1.1907809972763062,1.1912603378295898,0.003990416415035725
3,28,z_A0_eff,0.675,0.8584001660346985,0.856900155544281,0.0064565567299723625
3,29,alpha,0.945,0.4112418591976166,0.399619460105896,0.007888401858508587
3,29,beta_r,0.765,1.0682083368301392,1.0376659631729126,0.049033068120479584
3,29,eta_col,0.885,0.5245238542556763,0.5200990438461304,0.003608486382290721
3,29,xi_reb,0.31,0.5486536026000977,0.5497272610664368,0.002382042119279504
3,29,z_A0_eff,0.955,0.744953453540802,0.7325124144554138,0.011613551527261734
3,30,alpha,0.395,1.0708801746368408,1.0720988512039185,0.0045446851290762424
3,30,beta_r,0.035,0.45022937655448914,0.4565570056438446,0.003388433950021863
3,30,eta_col,0.655,0.9497731328010559,0.9481443762779236,0.004312428645789623
3,30,xi_reb,0.885,0.49471837282180786,0.491921067237854,0.0023144888691604137
3,30,z_A0_eff,0.375,0.7267682552337646,0.7273369431495667,0.0028188505675643682
3,31,alpha,0.77,1.0365325212478638,1.0343873500823975,0.0028038935270160437
3,31,beta_r,0.715,0.8609557747840881,0.8565555810928345,0.009365180507302284
3,31,eta_col,0.84,0.9968453645706177,0.9941412210464478,0.002876809798181057
3,31,xi_reb,0.245,0.6231685280799866,0.6249476671218872,0.002592067001387477
3,31,z_A0_eff,0.465,0.7784084677696228,0.7785342335700989,0.002089870162308216
3,32,alpha,0.85,0.9218368530273438,0.9149124026298523,0.006666874513030052
3,32,beta_r,0.33,1.1643948554992676,1.1707217693328857,0.01725156232714653
3,32,eta_col,0.055,0.5997028350830078,0.6069790124893188,0.005029428284615278
3,32,xi_reb,0.765,0.4195096492767334,0.41831111907958984,0.0017917525256052613
3,32,z_A0_eff,0.845,0.716081440448761,0.712012767791748,0.004325178451836109
3,33,alpha,0.98,1.191076397895813,1.1842238903045654,0.0036490715574473143
3,33,beta_r,0.87,0.5802904367446899,0.5753930807113647,0.00419980101287365
3,33,eta_col,0.67,0.9167335033416748,0.9152280688285828,0.0037528679240494967
3,33,xi_reb,0.625,0.4889545440673828,0.48822036385536194,0.0024948047939687967
3,33,z_A0_eff,0.64,0.947266697883606,0.9463708996772766,0.002638912061229348
3,34,alpha,0.65,0.6227812170982361,0.6186331510543823,0.012394316494464874
3,34,beta_r,0.625,1.1130040884017944,1.0976454019546509,0.03874078765511513
3,34,eta_col,0.85,0.907027006149292,0.8966326117515564,0.010771116241812706
3,34,xi_reb,0.56,0.7680820822715759,0.7678794860839844,0.00346456840634346
3,34,z_A0_eff,0.655,0.8051968812942505,0.800352931022644,0.011970993131399155
3,35,alpha,0.81,0.7114617228507996,0.7060139179229736,0.006194043904542923
3,35,beta_r,0.895,0.9504919052124023,0.9348597526550293,0.013994621112942696
3,35,eta_col,0.27,0.8580065369606018,0.8625198602676392,0.007801710162311792
3,35,xi_reb,0.84,1.1273620128631592,1.1227939128875732,0.0044188667088747025
3,35,z_A0_eff,0.515,0.8556534051895142,0.8553005456924438,0.005602297373116016
3,36,alpha,0.41,1.017428994178772,1.018712043762207,0.007763270288705826
3,36,beta_r,0.765,1.1564401388168335,1.1418207883834839,0.019603794440627098
3,36,eta_col,0.21,0.6346522569656372,0.6386054754257202,0.004495188593864441
3,36,xi_reb,0.765,0.8950787782669067,0.8926191926002502,0.0031179117504507303
3,36,z_A0_eff,0.55,0.7648317813873291,0.7643283009529114,0.005250170826911926
3,37,alpha,0.185,0.7031463980674744,0.7150923013687134,0.014258171431720257
3,37,beta_r,0.375,0.6419496536254883,0.6482784152030945,0.021610192954540253
3,37,eta_col,0.135,0.776945948600769,0.782223641872406,0.0052028619684278965
3,37,xi_reb,0.745,0.684154212474823,0.6820537447929382,0.003228411776944995
3,37,z_A0_eff,0.13,0.718603253364563,0.7337035536766052,0.013827878050506115
3,38,alpha,0.57,0.7621103525161743,0.7616745829582214,0.006282632704824209
3,38,beta_r,0.885,0.931990385055542,0.9155213832855225,0.014475151896476746
3,38,eta_col,0.82,0.7079014778137207,0.7044941186904907,0.003521273611113429
3,38,xi_reb,0.12,0.6576389670372009,0.6605112552642822,0.0022997150663286448
3,38,z_A0_eff,0.31,0.8777921795845032,0.8810356855392456,0.006599904503673315
3,39,alpha,0.95,0.7253602743148804,0.7173810601234436,0.00517832487821579
3,39,beta_r,0.985,0.9728035926818848,0.9435699582099915,0.012774769216775894
3,39,eta_col,0.595,0.8850662708282471,0.8837350606918335,0.010880116373300552
3,39,xi_reb,0.245,0.7383968830108643,0.7402877807617188,0.0031819308642297983
3,39,z_A0_eff,0.92,0.9460225105285645,0.9390392899513245,0.005267446860671043
4,0,alpha,0.73,0.7027767896652222,0.6983056664466858,0.008869688957929611
4,0,beta_r,0.3,0.8738349080085754,0.8834882378578186,0.017728475853800774
4,0,eta_col,0.45,0.6773703098297119,0.677605152130127,0.0038162735290825367
4,0,xi_reb,0.16,0.4169670641422272,0.418481707572937,0.0016164467670023441
4,0,z_A0_eff,0.78,0.8019052743911743,0.797220766544342,0.007978362031280994
4,1,alpha,0.43,0.8927000761032104,0.8954341411590576,0.01671386882662773
4,1,beta_r,0.59,0.4552282989025116,0.45211055874824524,0.01311512291431427
4,1,eta_col,0.01,0.5825845003128052,0.5907778739929199,0.004498753231018782
4,1,xi_reb,0.45,1.1789520978927612,1.1792881488800049,0.004167709965258837
4,1,z_A0_eff,0.44,0.7125993371009827,0.7149395942687988,0.011168970726430416
4,2,alpha,0.68,0.43803149461746216,0.43398600816726685,0.009396763518452644
4,2,beta_r,0.535,0.4781215190887451,0.47856560349464417,0.01781998574733734
4,2,eta_col,0.91,0.7839192152023315,0.7742620706558228,0.006984072271734476
4,2,xi_reb,0.02,0.7150644659996033,0.7210735082626343,0.00241769477725029
4,2,z_A0_eff,0.625,0.7291436195373535,0.7264883518218994,0.01022556982934475
4,3,alpha,1.0,0.8153698444366455,0.7899308204650879,0.009834880009293556
4,3,beta_r,0.995,0.4202210605144501,0.402927428483963,0.006476090755313635
4,3,eta_col,0.83,0.6440844535827637,0.6409934759140015,0.004352936986833811
4,3,xi_reb,0.71,1.0425195693969727,1.040891170501709,0.0030414497014135122
4,3,z_A0_eff,1.0,0.9485695362091064,0.9221529960632324,0.009575649164617062
4,4,alpha,0.785,0.8825433850288391,0.8789997696876526,0.006351740565150976
4,4,beta_r,0.145,0.5874300003051758,0.5941936373710632,0.0063304416835308075
4,4,eta_col,0.12,0.5820223093032837,0.586253821849823,0.0036673115100711584
4,4,xi_reb,0.535,1.1510982513427734,1.1506545543670654,0.003979743458330631
4,4,z_A0_eff,0.825,0.878659188747406,0.8741803169250488,0.004686588421463966
4,5,alpha,0.56,0.4471173882484436,0.44466590881347656,0.010444696992635727
4,5,beta_r,0.465,0.7024301886558533,0.7044396996498108,0.027052298188209534
4,5,eta_col,0.21,0.8600300550460815,0.873047947883606,0.016217179596424103
4,5,xi_reb,0.59,0.6772881746292114,0.6763385534286499,0.003500694641843438
4,5,z_A0_eff,0.54,0.8438702821731567,0.8431881666183472,0.01046119723469019
4,6,alpha,0.975,0.8979101181030273,0.8815460205078125,0.009218057617545128
4,6,beta_r,0.97,1.0474931001663208,1.0087183713912964,0.01922653056681156
4,6,eta_col,0.03,0.7855408191680908,0.7980920672416687,0.0066942088305950165
4,6,xi_reb,0.135,0.7785181999206543,0.7821720242500305,0.0036550890654325485
4,6,z_A0_eff,0.855,0.7927814722061157,0.786237895488739,0.006897922605276108
4,7,alpha,0.975,0.88371741771698,0.8708431124687195,0.006851486396044493
4,7,beta_r,0.97,0.764351487159729,0.7425847053527832,0.00975535437464714
4,7,eta_col,0.715,0.9557961225509644,0.9525721073150635,0.007934479042887688
4,7,xi_reb,0.04,1.1047358512878418,1.1123350858688354,0.004037006758153439
4,7,z_A0_eff,0.93,0.9152278900146484,0.9053208827972412,0.006650945637375116
4,8,alpha,0.84,1.018296480178833,0.9979090690612793,0.020732343196868896
4,8,beta_r,0.785,0.6279361844062805,0.6142061352729797,0.018279777839779854
4,8,eta_col,0.68,0.521160364151001,0.5192521810531616,0.0055478643625974655
4,8,xi_reb,0.055,0.515180766582489,0.5190269947052002,0.002514282474294305
4,8,z_A0_eff,0.76,0.7885207533836365,0.7791345119476318,0.013543467037379742
4,9,alpha,0.85,0.5311331748962402,0.521843433380127,0.009985227137804031
4,9,beta_r,0.9,1.0828863382339478,1.0389471054077148,0.03627000004053116
4,9,eta_col,0.435,0.6620426177978516,0.6636622548103333,0.00775632681325078
4,9,xi_reb,0.095,0.6673201322555542,0.6705490350723267,0.002338982652872801
4,9,z_A0_eff,0.85,0.9244202375411987,0.9136720299720764,0.011171943508088589
4,10,alpha,0.84,0.6929727792739868,0.6850870251655579,0.007706565782427788
4,10,beta_r,0.92,1.012804627418518,0.9861300587654114,0.019426828250288963
4,10,eta_col,0.245,0.7933700084686279,0.7965580821037292,0.004891656804829836
4,10,xi_reb,0.59,1.070155382156372,1.069567084312439,0.0031067917589098215
4,10,z_A0_eff,0.91,0.7345634698867798,0.7253374457359314,0.007408753503113985
4,11,alpha,0.15,1.0950719118118286,1.0999195575714111,0.005028053652495146
4,11,beta_r,0.19,0.8455485105514526,0.8544072508811951,0.008728248067200184
4,11,eta_col,0.0,0.5916694402694702,0.6012306213378906,0.003155002137646079
4,11,xi_reb,0.745,1.1778322458267212,1.175480842590332,0.004034065175801516
4,11,z_A0_eff,0.18,0.9105016589164734,0.9140037298202515,0.0039840214885771275
4,12,alpha,0.715,1.0670764446258545,1.0649518966674805,0.004302696790546179
4,12,beta_r,0.29,0.583610475063324,0.5869573950767517,0.005584742408245802
4,12,eta_col,0.57,0.8563224077224731,0.8559598326683044,0.0027023046277463436
4,12,xi_reb,0.03,0.9875767230987549,0.9937836527824402,0.0033872562926262617
4,12,z_A0_eff,0.36,0.719657301902771,0.7201515436172485,0.0024909472558647394
4,13,alpha,0.52,0.5282289981842041,0.5286476016044617,0.008379287086427212
4,13,beta_r,0.615,0.6708518266677856,0.6669776439666748,0.014995337463915348
4,13,eta_col,0.335,0.931180477142334,0.9358484148979187,0.010489383712410927
4,13,xi_reb,0.235,1.0632787942886353,1.066334843635559,0.004612279590219259
4,13,z_A0_eff,0.385,0.7089877724647522,0.7115846872329712,0.007102187257260084
4,14,alpha,0.98,1.0373051166534424,1.0314452648162842,0.002718205563724041
4,14,beta_r,0.835,1.1454323530197144,1.1309921741485596,0.015989305451512337
4,14,eta_col,0.77,0.8951960802078247,0.893109917640686,0.0036104393657296896
4,14,xi_reb,0.045,0.601179838180542,0.6056797504425049,0.0025345329195261
4,14,z_A0_eff,0.59,0.8144038319587708,0.8138915300369263,0.002091136062517762
4,15,alpha,0.12,0.48033618927001953,0.48998916149139404,0.008429078385233879
4,15,beta_r,0.23,0.48854565620422363,0.4990029036998749,0.01339922845363617
4,15,eta_col,0.83,0.9242940545082092,0.9110691547393799,0.013437997549772263
4,15,xi_reb,0.04,0.8565549254417419,0.862349271774292,0.003331582061946392
4,15,z_A0_eff,0.19,0.8226703405380249,0.8311150074005127,0.009641367942094803
4,16,alpha,0.635,1.028302550315857,1.0271364450454712,0.0030790972523391247
4,16,beta_r,0.61,1.1500284671783447,1.1454445123672485,0.01523018628358841
4,16,eta_col,0.895,0.8640550374984741,0.859626293182373,0.004155770409852266
4,16,xi_reb,0.015,0.8390694260597229,0.8457949757575989,0.0029277242720127106
4,16,z_A0_eff,0.6,0.9481809139251709,0.947725236415863,0.002903898246586323
4,17,alpha,0.04,1.1241999864578247,1.1428461074829102,0.009484135545790195
4,17,beta_r,0.22,0.7561745047569275,0.7635078430175781,0.010595202445983887
4,17,eta_col,0.16,0.6867108941078186,0.6913271546363831,0.004548201337456703
4,17,xi_reb,0.575,0.8275312185287476,0.827052891254425,0.002674378687515855
4,17,z_A0_eff,0.09,0.8071972131729126,0.8148237466812134,0.006411961279809475
4,18,alpha,0.015,0.4829145669937134,0.5005514025688171,0.007770423777401447
4,18,beta_r,0.02,0.7996320724487305,0.8430919647216797,0.024871017783880234
4,18,eta_col,0.92,0.9527183771133423,0.9353632926940918,0.013267790898680687
4,18,xi_reb,0.19,0.6299008131027222,0.6330273747444153,0.003354644402861595
4,18,z_A0_eff,0.005,0.7367551326751709,0.7563424706459045,0.00809616781771183
4,19,alpha,0.12,1.055747389793396,1.0644267797470093,0.008112527430057526
4,19,beta_r,0.115,1.0013819932937622,1.021579623222351,0.017135808244347572
4,19,eta_col,0.03,0.704978346824646,0.7123997211456299,0.004035745747387409
4,19,xi_reb,0.74,0.5136333107948303,0.5123403072357178,0.0019162652315571904
4,19,z_A0_eff,0.095,0.795634388923645,0.8023655414581299,0.005512450821697712
4,20,alpha,0.015,0.602769136428833,0.6136085391044617,0.005724702030420303
4,20,beta_r,0.045,1.0662239789962769,1.108109951019287,0.024726958945393562
4,20,eta_col,0.05,0.5615596175193787,0.5666752457618713,0.0037649732548743486
4,20,xi_reb,0.695,1.140663743019104,1.1392158269882202,0.0036502790171653032
4,20,z_A0_eff,0.04,0.7922631502151489,0.8027561902999878,0.005950982682406902
4,21,alpha,0.395,0.9753545522689819,0.9764767289161682,0.002664758823812008
4,21,beta_r,0.58,0.6734708547592163,0.6723979115486145,0.006064435467123985
4,21,eta_col,0.735,0.7993841171264648,0.7974986433982849,0.004562321584671736
4,21,xi_reb,0.045,0.8630902767181396,0.86761075258255,0.002717288676649332
4,21,z_A0_eff,0.305,0.8023146390914917,0.8031691908836365,0.002092082053422928
4,22,alpha,0.01,0.8457386493682861,0.854997992515564,0.003180792322382331
4,22,beta_r,0.085,0.80809485912323,0.8214436173439026,0.009027066640555859
4,22,eta_col,0.96,0.8655246496200562,0.8574760556221008,0.004253231920301914
4,22,xi_reb,0.215,1.1803330183029175,1.1832091808319092,0.004278414882719517
4,22,z_A0_eff,0.005,0.8178579807281494,0.8283740878105164,0.0028114807792007923
4,23,alpha,0.905,1.192360281944275,1.1822587251663208,0.007513412274420261
4,23,beta_r,0.48,0.8777749538421631,0.8783112168312073,0.011122950352728367
4,23,eta_col,0.16,0.5432580709457397,0.5468253493309021,0.004087182693183422
4,23,xi_reb,0.08,0.867707371711731,0.871430516242981,0.0025519223418086767
4,23,z_A0_eff,0.76,0.9445160627365112,0.9410772919654846,0.005275706760585308
4,24,alpha,0.715,1.145095705986023,1.1427407264709473,0.004140173550695181
4,24,beta_r,0.74,0.5652204155921936,0.561933159828186,0.004811143036931753
4,24,eta_col,0.715,0.8332523703575134,0.8319432735443115,0.002218706300482154
4,24,xi_reb,0.045,0.8328732848167419,0.8373938798904419,0.0025998493656516075
4,24,z_A0_eff,0.43,0.783968448638916,0.7842236161231995,0.0018994694110006094
4,25,alpha,0.805,1.0040006637573242,1.0015144348144531,0.0031552251894026995
4,25,beta_r,0.23,1.0929181575775146,1.1054396629333496,0.015895722433924675
4,25,eta_col,0.545,0.8643999099731445,0.8641101121902466,0.00413688737899065
4,25,xi_reb,0.135,0.41066694259643555,0.41299960017204285,0.00208050524815917
4,25,z_A0_eff,0.665,0.9372872710227966,0.9361267685890198,0.0028069668915122747
4,26,alpha,0.2,0.8069009780883789,0.8125051856040955,0.00788778718560934
4,26,beta_r,0.26,0.9600703716278076,0.9725356101989746,0.02124524861574173
4,26,eta_col,0.66,0.5615899562835693,0.5597485303878784,0.004091576207429171
4,26,xi_reb,0.225,0.5203021764755249,0.521555483341217,0.0019241690170019865
4,26,z_A0_eff,0.08,0.7441658973693848,0.7539102435112,0.0073287589475512505
4,27,alpha,0.89,1.0767537355422974,1.071779727935791,0.003813589923083782
4,27,beta_r,0.865,0.44502902030944824,0.4409741163253784,0.003619229421019554
4,27,eta_col,0.735,0.8425829410552979,0.8411450386047363,0.002388361608609557
4,27,xi_reb,0.055,0.5493372082710266,0.5526354312896729,0.0020828701090067625
4,27,z_A0_eff,0.5,0.7337992191314697,0.7335551977157593,0.00238671968691051
4,28,alpha,0.565,0.8403050303459167,0.8389602899551392,0.004881798755377531
4,28,beta_r,0.28,0.585689902305603,0.5893715023994446,0.006108914501965046
4,28,eta_col,0.785,0.8417552709579468,0.8385145664215088,0.004771179519593716
4,28,xi_reb,0.035,1.1907809972763062,1.198245882987976,0.0035542137920856476
4,28,z_A0_eff,0.31,0.8584001660346985,0.8602231740951538,0.005059394519776106
4,29,alpha,0.825,0.4112418591976166,0.4039447009563446,0.007424990646541119
4,29,beta_r,0.835,1.0682083368301392,1.0165328979492188,0.05168047547340393
4,29,eta_col,0.895,0.5245238542556763,0.5188379883766174,0.010086161084473133
4,29,xi_reb,0.855,0.5486536026000977,0.546937108039856,0.0023113733623176813
4,29,z_A0_eff,0.895,0.744953453540802,0.7342483401298523,0.008084546774625778
4,30,alpha,0.77,1.0708801746368408,1.0678459405899048,0.0037528870161622763
4,30,beta_r,0.03,0.45022937655448914,0.4578491449356079,0.004069581162184477
4,30,eta_col,0.375,0.9497731328010559,0.951363742351532,0.004795884247869253
4,30,xi_reb,0.09,0.49471837282180786,0.4972860813140869,0.0020789599511772394
4,30,z_A0_eff,0.9,0.7267682552337646,0.7245199680328369,0.001915322383865714
4,31,alpha,0.955,1.0365325212478638,1.0324629545211792,0.0026427460834383965
4,31,beta_r,0.435,0.8609557747840881,0.8619160652160645,0.007781295105814934
4,31,eta_col,0.875,0.9968453645706177,0.9923347234725952,0.004269215278327465
4,31,xi_reb,0.0,0.6231685280799866,0.6316105127334595,0.002677392214536667
4,31,z_A0_eff,0.815,0.7784084677696228,0.7769366502761841,0.0019121452933177352
4,32,alpha,0.34,0.9218368530273438,0.9234998822212219,0.0050848787650465965
4,32,beta_r,0.235,1.1643948554992676,1.1728695631027222,0.014586586505174637
4,32,eta_col,0.21,0.5997028350830078,0.603156328201294,0.0036127434577792883
4,32,xi_reb,0.24,0.4195096492767334,0.4205683767795563,0.0014459433732554317
4,32,z_A0_eff,0.18,0.716081440448761,0.7191439867019653,0.0042270477861166
4,33,alpha,0.935,1.191076397895813,1.185214638710022,0.0037935946602374315
4,33,beta_r,0.14,0.5802904367446899,0.5841472744941711,0.0038184865843504667
4,33,eta_col,0.88,0.9167335033416748,0.912615954875946,0.003546827705577016
4,33,xi_reb,0.015,0.4889545440673828,0.4936889708042145,0.0019562954548746347
4,33,z_A0_eff,0.775,0.947266697883606,0.9452854990959167,0.0024100954178720713
4,34,alpha,0.145,0.6227812170982361,0.6348797678947449,0.010793904773890972
4,34,beta_r,0.31,1.1130040884017944,1.1328014135360718,0.03356916084885597
4,34,eta_col,0.535,0.907027006149292,0.906434953212738,0.013474627397954464
4,34,xi_reb,0.78,0.7680820822715759,0.765231192111969,0.0038763913325965405
4,34,z_A0_eff,0.19,0.8051968812942505,0.8147686719894409,0.01078573428094387
4,35,alpha,0.525,0.7114617228507996,0.7112655639648438,0.007819000631570816
4,35,beta_r,0.73,0.9504919052124023,0.9428296089172363,0.018004465848207474
4,35,eta_col,0.43,0.8580065369606018,0.8594753742218018,0.0076171038672327995
4,35,xi_reb,0.115,1.1273620128631592,1.1321914196014404,0.004284868482500315
4,35,z_A0_eff,0.275,0.8556534051895142,0.8602684140205383,0.00761234387755394
4,36,alpha,0.26,1.017428994178772,1.0209189653396606,0.005465459078550339
4,36,beta_r,0.265,1.1564401388168335,1.164832592010498,0.01500503346323967
4,36,eta_col,0.165,0.6346522569656372,0.6381582617759705,0.0035833045840263367
4,36,xi_reb,0.1,0.8950787782669067,0.8979709148406982,0.0024805658031255007
4,36,z_A0_eff,0.15,0.7648317813873291,0.7685592174530029,0.0036770934239029884
4,37,alpha,0.16,0.7031463980674744,0.7206776142120361,0.01735929399728775
4,37,beta_r,0.105,0.6419496536254883,0.6691427826881409,0.022960828617215157
4,37,eta_col,0.075,0.776945948600769,0.785647451877594,0.005896572023630142
4,37,xi_reb,0.97,0.684154212474823,0.678834080696106,0.0028666662983596325
4,37,z_A0_eff,0.12,0.718603253364563,0.7360312938690186,0.015061713755130768
4,38,alpha,0.325,0.7621103525161743,0.764865517616272,0.00746471993625164
4,38,beta_r,0.435,0.931990385055542,0.9345100522041321,0.016295168548822403
4,38,eta_col,0.53,0.7079014778137207,0.708164393901825,0.006729161832481623
4,38,xi_reb,0.035,0.6576389670372009,0.6612638831138611,0.0023977095261216164
4,38,z_A0_eff,0.27,0.8777921795845032,0.8818422555923462,0.007694329135119915
4,39,alpha,0.73,0.7253602743148804,0.7196241617202759,0.008006510324776173
4,39,beta_r,0.755,0.9728035926818848,0.9605379700660706,0.017734838649630547
4,39,eta_col,0.565,0.8850662708282471,0.8842107653617859,0.008365067653357983
4,39,xi_reb,0.52,0.7383968830108643,0.7384695410728455,0.0027407133020460606
4,39,z_A0_eff,0.75,0.9460225105285645,0.9406082034111023,0.007253714837133884
5,0,alpha,0.75,0.7027767896652222,0.6947418451309204,0.010790708474814892
5,0,beta_r,0.35,0.8738349080085754,0.8817786574363708,0.019274091348052025
5,0,eta_col,0.845,0.6773703098297119,0.6730389595031738,0.003968005534261465
5,0,xi_reb,0.775,0.4169670641422272,0.4155886769294739,0.001667247386649251
5,0,z_A0_eff,0.79,0.8019052743911743,0.7934036254882812,0.010481521487236023
5,1,alpha,0.375,0.8927000761032104,0.898072361946106,0.014013209380209446
5,1,beta_r,0.46,0.4552282989025116,0.45694637298583984,0.010604048147797585
5,1,eta_col,0.805,0.5825845003128052,0.579204797744751,0.004796599503606558
5,1,xi_reb,0.9,1.1789520978927612,1.173642873764038,0.0040617939084768295
5,1,z_A0_eff,0.42,0.7125993371009827,0.7146497964859009,0.009832991287112236
5,2,alpha,0.3,0.43803149461746216,0.4425089359283447,0.00802799966186285
5,2,beta_r,0.12,0.4781215190887451,0.49537262320518494,0.016207924112677574
5,2,eta_col,0.805,0.7839192152023315,0.7771663069725037,0.008813724853098392
5,2,xi_reb,0.26,0.7150644659996033,0.7169598340988159,0.0028309293556958437
5,2,z_A0_eff,0.245,0.7291436195373535,0.7350727915763855,0.008748834952712059
5,3,alpha,0.885,0.8153698444366455,0.8034172058105469,0.04457408934831619
5,3,beta_r,0.87,0.4202210605144501,0.4104470908641815,0.008737615309655666
5,3,eta_col,0.955,0.6440844535827637,0.6365967392921448,0.004751251544803381
5,3,xi_reb,0.93,1.0425195693969727,1.0363059043884277,0.004406565334647894
5,3,z_A0_eff,0.93,0.9485695362091064,0.9316314458847046,0.011338884942233562
5,4,alpha,0.43,0.8825433850288391,0.8836708068847656,0.0049528866074979305
5,4,beta_r,0.2,0.5874300003051758,0.5951118469238281,0.008838769979774952
5,4,eta_col,0.335,0.5820223093032837,0.5834887027740479,0.00426519475877285
5,4,xi_reb,0.465,1.1510982513427734,1.151390552520752,0.004297775682061911
5,4,z_A0_eff,0.27,0.878659188747406,0.881425678730011,0.005043318960815668
5,5,alpha,0.855,0.4471173882484436,0.4391280710697174,0.00713715935125947
5,5,beta_r,0.79,0.7024301886558533,0.6884233355522156,0.018505968153476715
5,5,eta_col,0.08,0.8600300550460815,0.8787002563476562,0.015090888366103172
5,5,xi_reb,0.82,0.6772881746292114,0.6747340559959412,0.003060815390199423
5,5,z_A0_eff,0.845,0.8438702821731567,0.8374258279800415,0.007520002778619528
5,6,alpha,1.0,0.8979101181030273,0.8768370151519775,0.006836313288658857
5,6,beta_r,0.96,1.0474931001663208,1.0014539957046509,0.02865326777100563
5,6,eta_col,0.02,0.7855408191680908,0.7982876300811768,0.007472039200365543
5,6,xi_reb,1.0,0.7785181999206543,0.7601719498634338,0.004414827562868595
5,6,z_A0_eff,1.0,0.7927814722061157,0.774631142616272,0.006568881683051586
5,7,alpha,0.89,0.88371741771698,0.8740116953849792,0.008398992009460926
5,7,beta_r,0.9,0.764351487159729,0.7521908283233643,0.009692332707345486
5,7,eta_col,0.76,0.9557961225509644,0.9493733048439026,0.010788053274154663
5,7,xi_reb,0.25,1.1047358512878418,1.1072334051132202,0.004047106020152569
5,7,z_A0_eff,0.87,0.9152278900146484,0.9065803289413452,0.008001190610229969
5,8,alpha,0.62,1.018296480178833,1.0125919580459595,0.02445531077682972
5,8,beta_r,0.695,0.6279361844062805,0.6178238391876221,0.01964958943426609
5,8,eta_col,0.545,0.521160364151001,0.5206050872802734,0.005755396094173193
5,8,xi_reb,0.605,0.515180766582489,0.5142906904220581,0.002975312527269125
5,8,z_A0_eff,0.695,0.7885207533836365,0.7827306985855103,0.014904356561601162
5,9,alpha,0.885,0.5311331748962402,0.5216869115829468,0.008967272937297821
5,9,beta_r,0.79,1.0828863382339478,1.053012490272522,0.04207939654588699
5,9,eta_col,0.07,0.6620426177978516,0.673585832118988,0.008036199025809765
5,9,xi_reb,0.34,0.6673201322555542,0.6686742901802063,0.003076226683333516
5,9,z_A0_eff,0.885,0.9244202375411987,0.9131830334663391,0.009790584444999695
5,10,alpha,0.79,0.6929727792739868,0.6877796649932861,0.006725558545440435
5,10,beta_r,0.95,1.012804627418518,0.9839425086975098,0.018430372700095177
5,10,eta_col,0.52,0.7933700084686279,0.7930331230163574,0.004998562391847372
5,10,xi_reb,0.865,1.070155382156372,1.066212773323059,0.00364319933578372
5,10,z_A0_eff,0.91,0.7345634698867798,0.7262875437736511,0.006122991442680359
5,11,alpha,0.42,1.0950719118118286,1.0960328578948975,0.006589896511286497
5,11,beta_r,0.105,0.8455485105514526,0.8560777902603149,0.009913102723658085
5,11,eta_col,0.205,0.5916694402694702,0.5953165292739868,0.004357356112450361
5,11,xi_reb,0.955,1.1778322458267212,1.1713610887527466,0.003937700763344765
5,11,z_A0_eff,0.585,0.9105016589164734,0.9095486998558044,0.004670024383813143
5,12,alpha,0.8,1.0670764446258545,1.0631402730941772,0.0044036125764250755
5,12,beta_r,0.61,0.583610475063324,0.5828786492347717,0.0059904372319579124
5,12,eta_col,0.615,0.8563224077224731,0.8553017973899841,0.0029158154502511024
5,12,xi_reb,0.255,0.9875767230987549,0.9897065758705139,0.0033493798691779375
5,12,z_A0_eff,0.455,0.719657301902771,0.7197954058647156,0.0022881864570081234
5,13,alpha,0.915,0.5282289981842041,0.5188121199607849,0.0070131397806108
5,13,beta_r,0.885,0.6708518266677856,0.6537641286849976,0.014766812324523926
5,13,eta_col,0.395,0.931180477142334,0.9357714653015137,0.013607700355350971
5,13,xi_reb,0.925,1.0632787942886353,1.055843710899353,0.005118161905556917
5,13,z_A0_eff,0.895,0.7089877724647522,0.6999009847640991,0.006985979620367289
5,14,alpha,0.675,1.0373051166534424,1.035539150238037,0.003308599116280675
5,14,beta_r,0.845,1.1454323530197144,1.1300944089889526,0.0151309072971344
5,14,eta_col,0.365,0.8951960802078247,0.8962998986244202,0.0029074714984744787
5,14,xi_reb,0.945,0.601179838180542,0.5977550745010376,0.0021655436139553785
5,14,z_A0_eff,0.275,0.8144038319587708,0.8154550194740295,0.002163973869755864
5,15,alpha,0.175,0.48033618927001953,0.48834484815597534,0.008537058718502522
5,15,beta_r,0.245,0.48854565620422363,0.4983539581298828,0.013279161415994167
5,15,eta_col,0.71,0.9242940545082092,0.9168756604194641,0.01472619641572237
5,15,xi_reb,0.415,0.8565549254417419,0.8571769595146179,0.0035081561654806137
5,15,z_A0_eff,0.16,0.8226703405380249,0.8319141864776611,0.0093757389113307
5,16,alpha,0.885,1.028302550315857,1.0242118835449219,0.0035624250303953886
5,16,beta_r,0.835,1.1500284671783447,1.1338069438934326,0.015245840884745121
5,16,eta_col,0.59,0.8640550374984741,0.8637121319770813,0.003672661492601037
5,16,xi_reb,0.975,0.8390694260597229,0.8329699635505676,0.0029394172597676516
5,16,z_A0_eff,0.99,0.9481809139251709,0.9406667947769165,0.0030672787688672543
5,17,alpha,0.01,1.1241999864578247,1.1447468996047974,0.010715949349105358
5,17,beta_r,0.34,0.7561745047569275,0.7606878876686096,0.01026118639856577
5,17,eta_col,0.885,0.6867108941078186,0.6813554167747498,0.004895272199064493
5,17,xi_reb,0.065,0.8275312185287476,0.8314105868339539,0.0027296985499560833
5,17,z_A0_eff,0.005,0.8071972131729126,0.8207579255104065,0.0065664914436638355
5,18,alpha,0.055,0.4829145669937134,0.49556005001068115,0.007842275314033031
5,18,beta_r,0.145,0.7996320724487305,0.8236793279647827,0.021972713991999626
5,18,eta_col,0.32,0.9527183771133423,0.9593736529350281,0.0142739312723279
5,18,xi_reb,0.715,0.6299008131027222,0.6282604336738586,0.0028320264536887407
5,18,z_A0_eff,0.035,0.7367551326751709,0.7515710592269897,0.007468328345566988
5,19,alpha,0.48,1.055747389793396,1.0562328100204468,0.008144710212945938
5,19,beta_r,0.135,1.0013819932937622,1.0163618326187134,0.013818539679050446
5,19,eta_col,0.73,0.704978346824646,0.7026403546333313,0.00418242858722806
5,19,xi_reb,0.71,0.5136333107948303,0.512387752532959,0.002237936481833458
5,19,z_A0_eff,0.41,0.795634388923645,0.7965826988220215,0.005801685620099306
5,20,alpha,0.0,0.602769136428833,0.6199939846992493,0.00507549662142992
5,20,beta_r,0.005,1.0662239789962769,1.1219207048416138,0.025161679834127426
5,20,eta_col,0.42,0.5615596175193787,0.5623694658279419,0.0038552337791770697
5,20,xi_reb,0.845,1.140663743019104,1.1371268033981323,0.003588875290006399
5,20,z_A0_eff,0.01,0.7922631502151489,0.8041712045669556,0.004769765306264162
5,21,alpha,0.465,0.9753545522689819,0.9759884476661682,0.0037178010679781437
5,21,beta_r,0.695,0.6734708547592163,0.6709494590759277,0.006396235898137093
5,21,eta_col,0.485,0.7993841171264648,0.7997167706489563,0.0025716163218021393
5,21,xi_reb,0.66,0.8630902767181396,0.8621681928634644,0.00296082254499197
5,21,z_A0_eff,0.435,0.8023146390914917,0.8028667569160461,0.0025990966241806746
5,22,alpha,0.63,0.8457386493682861,0.8442280292510986,0.003905507503077388
5,22,beta_r,0.64,0.80809485912323,0.8052076101303101,0.008814826607704163
5,22,eta_col,0.635,0.8655246496200562,0.8637902140617371,0.00708739273250103
5,22,xi_reb,0.285,1.1803330183029175,1.1837936639785767,0.005563970189541578
5,22,z_A0_eff,0.57,0.8178579807281494,0.8172051906585693,0.003563983365893364
5,23,alpha,0.875,1.192360281944275,1.1837111711502075,0.011697711423039436
5,23,beta_r,0.24,0.8777749538421631,0.8864784240722656,0.011668870225548744
5,23,eta_col,0.625,0.5432580709457397,0.5421148538589478,0.0043824585154652596
5,23,xi_reb,0.875,0.867707371711731,0.8641431927680969,0.0031324673909693956
5,23,z_A0_eff,0.76,0.9445160627365112,0.9412983655929565,0.0047228168696165085
5,24,alpha,0.73,1.145095705986023,1.142272710800171,0.005703343544155359
5,24,beta_r,0.77,0.5652204155921936,0.5610986351966858,0.00533581105992198
5,24,eta_col,0.17,0.8332523703575134,0.8354743123054504,0.0025070980191230774
5,24,xi_reb,0.595,0.8328732848167419,0.8323416113853455,0.002848571864888072
5,24,z_A0_eff,0.53,0.783968448638916,0.7838058471679688,0.0022438690066337585
5,25,alpha,0.965,1.0040006637573242,0.9986400604248047,0.002742478856816888
5,25,beta_r,0.12,1.0929181575775146,1.1070836782455444,0.012666646391153336
5,25,eta_col,0.03,0.8643999099731445,0.8728284239768982,0.004658376798033714
5,25,xi_reb,1.0,0.41066694259643555,0.40326210856437683,0.002124511171132326
5,25,z_A0_eff,0.94,0.9372872710227966,0.9318073987960815,0.003554339986294508
5,26,alpha,0.475,0.8069009780883789,0.8073931932449341,0.006589130498468876
5,26,beta_r,0.67,0.9600703716278076,0.9529544115066528,0.019100526347756386
5,26,eta_col,0.92,0.5615899562835693,0.5557496547698975,0.004450267180800438
5,26,xi_reb,0.205,0.5203021764755249,0.5220235586166382,0.002277134917676449
5,26,z_A0_eff,0.335,0.7441658973693848,0.7465330362319946,0.00667212950065732
5,27,alpha,0.925,1.0767537355422974,1.0709257125854492,0.004479134455323219
5,27,beta_r,0.96,0.44502902030944824,0.4383776783943176,0.0039024711586534977
5,27,eta_col,0.26,0.8425829410552979,0.8440544009208679,0.002634531818330288
5,27,xi_reb,0.9,0.5493372082710266,0.5467542409896851,0.002276492305099964
5,27,z_A0_eff,0.52,0.7337992191314697,0.7334384918212891,0.0027455915696918964
5,28,alpha,0.58,0.8403050303459167,0.8388980031013489,0.007136486005038023
5,28,beta_r,0.545,0.585689902305603,0.5853006839752197,0.007835186086595058
5,28,eta_col,0.925,0.8417552709579468,0.8354904651641846,0.004543745424598455
5,28,xi_reb,0.4,1.1907809972763062,1.1916669607162476,0.003907000180333853
5,28,z_A0_eff,0.38,0.8584001660346985,0.8605841994285583,0.006160321645438671
5,29,alpha,0.985,0.4112418591976166,0.39750176668167114,0.00631072698161006
5,29,beta_r,0.955,1.0682083368301392,0.9871777296066284,0.049661144614219666
5,29,eta_col,0.75,0.5245238542556763,0.5218955874443054,0.004362994804978371
5,29,xi_reb,0.38,0.5486536026000977,0.5491392016410828,0.0014562031719833612
5,29,z_A0_eff,1.0,0.744953453540802,0.7256549596786499,0.006978711113333702
5,30,alpha,0.605,1.0708801746368408,1.0694900751113892,0.00509796803817153
5,30,beta_r,0.3,0.45022937655448914,0.45217010378837585,0.003686235984787345
5,30,eta_col,0.24,0.9497731328010559,0.9548007845878601,0.006589533295482397
5,30,xi_reb,0.96,0.49471837282180786,0.49132782220840454,0.002002089750021696
5,30,z_A0_eff,0.66,0.7267682552337646,0.7258560061454773,0.0022664470598101616
5,31,alpha,0.57,1.0365325212478638,1.0360124111175537,0.0034976094029843807
5,31,beta_r,0.595,0.8609557747840881,0.8597943186759949,0.008483181707561016
5,31,eta_col,0.61,0.9968453645706177,0.9956231117248535,0.0038599162362515926
5,31,xi_reb,0.205,0.6231685280799866,0.6245288848876953,0.0018606726080179214
5,31,z_A0_eff,0.655,0.7784084677696228,0.7776724100112915,0.0021083280444145203
5,32,alpha,0.735,0.9218368530273438,0.9180911183357239,0.0059888907708227634
5,32,beta_r,0.515,1.1643948554992676,1.1627075672149658,0.018136410042643547
5,32,eta_col,0.445,0.5997028350830078,0.5998828411102295,0.004265795927494764
5,32,xi_reb,0.68,0.4195096492767334,0.4187777638435364,0.001540223485790193
5,32,z_A0_eff,0.71,0.716081440448761,0.7131824493408203,0.004893709905445576
5,33,alpha,0.6,1.191076397895813,1.1899614334106445,0.003976225387305021
5,33,beta_r,0.2,0.5802904367446899,0.583721399307251,0.004247121047228575
5,33,eta_col,0.155,0.9167335033416748,0.9199833869934082,0.003336770925670862
5,33,xi_reb,0.965,0.4889545440673828,0.48546653985977173,0.0019103216473013163
5,33,z_A0_eff,0.25,0.947266697883606,0.948570966720581,0.002319765044376254
5,34,alpha,0.235,0.6227812170982361,0.6315686702728271,0.013719887472689152
5,34,beta_r,0.235,1.1130040884017944,1.130642294883728,0.02969025820493698
5,34,eta_col,0.65,0.907027006149292,0.9021329283714294,0.01409421768039465
5,34,xi_reb,0.365,0.7680820822715759,0.769031822681427,0.004047277383506298
5,34,z_A0_eff,0.3,0.8051968812942505,0.8119890689849854,0.013613104820251465
5,35,alpha,0.785,0.7114617228507996,0.7061102390289307,0.0072417291812598705
5,35,beta_r,0.855,0.9504919052124023,0.935879111289978,0.013758784160017967
5,35,eta_col,0.36,0.8580065369606018,0.8608140349388123,0.007738795597106218
5,35,xi_reb,0.43,1.1273620128631592,1.1279845237731934,0.0042425100691616535
5,35,z_A0_eff,0.645,0.8556534051895142,0.8531094193458557,0.006927688140422106
5,36,alpha,0.345,1.017428994178772,1.0193318128585815,0.0056844367645680904
5,36,beta_r,0.29,1.1564401388168335,1.1659424304962158,0.017772704362869263
5,36,eta_col,0.66,0.6346522569656372,0.6324028968811035,0.004668132402002811
5,36,xi_reb,0.63,0.8950787782669067,0.8940017223358154,0.002627394860610366
5,36,z_A0_eff,0.28,0.7648317813873291,0.7669560313224792,0.0039606476202607155
5,37,alpha,0.16,0.7031463980674744,0.7184446454048157,0.014354167506098747
5,37,beta_r,0.135,0.6419496536254883,0.6646088361740112,0.019694045186042786
5,37,eta_col,0.975,0.776945948600769,0.7655364274978638,0.005356614012271166
5,37,xi_reb,0.73,0.684154212474823,0.6819193959236145,0.003859936958178878
5,37,z_A0_eff,0.115,0.718603253364563,0.7358213067054749,0.013953772373497486
5,38,alpha,0.355,0.7621103525161743,0.7651130557060242,0.008665931411087513
5,38,beta_r,0.545,0.931990385055542,0.930092453956604,0.01715075597167015
5,38,eta_col,0.77,0.7079014778137207,0.7049530148506165,0.0045431507751345634
5,38,xi_reb,0.155,0.6576389670372009,0.6601219177246094,0.0024310799781233072
5,38,z_A0_eff,0.33,0.8777921795845032,0.8817172050476074,0.0083983289077878
5,39,alpha,0.74,0.7253602743148804,0.7206358909606934,0.006701824255287647
5,39,beta_r,0.875,0.9728035926818848,0.9566570520401001,0.01444169133901596
5,39,eta_col,0.785,0.8850662708282471,0.8785588145256042,0.010818070732057095
5,39,xi_reb,0.415,0.7383968830108643,0.7394086718559265,0.0034793869126588106
5,39,z_A0_eff,0.89,0.9460225105285645,0.9376432299613953,0.006850088015198708
6,0,alpha,0.885,0.7027767896652222,0.69166100025177,0.01015155017375946
6,0,beta_r,0.52,0.8738349080085754,0.8750161528587341,0.019922910258173943
6,0,eta_col,0.655,0.6773703098297119,0.676239550113678,0.0038316030986607075
6,0,xi_reb,0.2,0.4169670641422272,0.4181465804576874,0.001445246278308332
6,0,z_A0_eff,0.815,0.8019052743911743,0.7943649888038635,0.009873896837234497
6,1,alpha,0.125,0.8927000761032104,0.9088059067726135,0.013622986152768135
6,1,beta_r,0.1,0.4552282989025116,0.4670834243297577,0.009350032545626163
6,1,eta_col,0.315,0.5825845003128052,0.5849584937095642,0.005266172345727682
6,1,xi_reb,0.92,1.1789520978927612,1.172827959060669,0.004573700483888388
6,1,z_A0_eff,0.14,0.7125993371009827,0.7227634191513062,0.009846107102930546
6,2,alpha,0.515,0.43803149461746216,0.4379701316356659,0.007728188764303923
6,2,beta_r,0.41,0.4781215190887451,0.48198363184928894,0.016585782170295715
6,2,eta_col,0.5,0.7839192152023315,0.7843769788742065,0.010910255834460258
6,2,xi_reb,0.54,0.7150644659996033,0.7149664163589478,0.002743917517364025
6,2,z_A0_eff,0.635,0.7291436195373535,0.7264968156814575,0.009578980505466461
6,3,alpha,0.97,0.8153698444366455,0.7983764410018921,0.009733438491821289
6,3,beta_r,0.995,0.4202210605144501,0.4025377929210663,0.007251349277794361
6,3,eta_col,0.59,0.6440844535827637,0.6432772278785706,0.0038699640426784754
6,3,xi_reb,0.98,1.0425195693969727,1.0330860614776611,0.0038596291560679674
6,3,z_A0_eff,0.99,0.9485695362091064,0.923958420753479,0.010754715651273727
6,4,alpha,0.54,0.8825433850288391,0.8822959065437317,0.0048629287630319595
6,4,beta_r,0.18,0.5874300003051758,0.5933811664581299,0.00783008523285389
6,4,eta_col,0.27,0.5820223093032837,0.5845333933830261,0.004306332673877478
6,4,xi_reb,0.605,1.1510982513427734,1.1500228643417358,0.004114821087568998
6,4,z_A0_eff,0.725,0.878659188747406,0.876991868019104,0.004801132716238499
6,5,alpha,0.84,0.4471173882484436,0.43944522738456726,0.007982962764799595
6,5,beta_r,0.8,0.7024301886558533,0.6829966902732849,0.023469941690564156
6,5,eta_col,0.13,0.8600300550460815,0.8760418891906738,0.015368525870144367
6,5,xi_reb,0.555,0.6772881746292114,0.6768146753311157,0.0028369673527777195
6,5,z_A0_eff,0.725,0.8438702821731567,0.8389663100242615,0.008849511854350567
6,6,alpha,0.96,0.8979101181030273,0.8860805034637451,0.007701369933784008
6,6,beta_r,0.94,1.0474931001663208,1.0100020170211792,0.021803803741931915
6,6,eta_col,1.0,0.7855408191680908,0.7603549361228943,0.004605659283697605
6,6,xi_reb,0.015,0.7785181999206543,0.7868126630783081,0.002964937826618552
6,6,z_A0_eff,0.235,0.7927814722061157,0.7966452836990356,0.007280045188963413
6,7,alpha,0.87,0.88371741771698,0.8740782737731934,0.008543808944523335
6,7,beta_r,0.835,0.764351487159729,0.7555534839630127,0.009785321541130543
6,7,eta_col,0.3,0.9557961225509644,0.9602725505828857,0.008396215736865997
6,7,xi_reb,0.82,1.1047358512878418,1.100974440574646,0.00415204418823123
6,7,z_A0_eff,0.755,0.9152278900146484,0.9104812741279602,0.007672048639506102
6,8,alpha,0.7,1.018296480178833,1.0101205110549927,0.020171621814370155
6,8,beta_r,0.615,0.6279361844062805,0.6248698234558105,0.021334471181035042
6,8,eta_col,0.535,0.521160364151001,0.5207092761993408,0.006024527829140425
6,8,xi_reb,0.36,0.515180766582489,0.5159885883331299,0.0022427504882216454
6,8,z_A0_eff,0.635,0.7885207533836365,0.7853748798370361,0.01414484903216362
6,9,alpha,0.76,0.5311331748962402,0.5262426733970642,0.009011766873300076
6,9,beta_r,0.785,1.0828863382339478,1.0583301782608032,0.03834906592965126
6,9,eta_col,0.135,0.6620426177978516,0.6695992946624756,0.00711445976048708
6,9,xi_reb,0.745,0.6673201322555542,0.6655998229980469,0.0024295656476169825
6,9,z_A0_eff,0.795,0.9244202375411987,0.9168321490287781,0.011045370250940323
6,10,alpha,0.89,0.6929727792739868,0.6827545166015625,0.00929960422217846
6,10,beta_r,0.95,1.012804627418518,0.9744971394538879,0.022297006100416183
6,10,eta_col,0.985,0.7933700084686279,0.7845467925071716,0.004084748215973377
6,10,xi_reb,0.71,1.070155382156372,1.0684210062026978,0.0035588645841926336
6,10,z_A0_eff,0.955,0.7345634698867798,0.7220910787582397,0.007943486794829369
6,11,alpha,0.445,1.0950719118118286,1.0954334735870361,0.005660471972078085
6,11,beta_r,0.115,0.8455485105514526,0.8546416759490967,0.008022882975637913
6,11,eta_col,0.09,0.5916694402694702,0.5967815518379211,0.00420277938246727
6,11,xi_reb,0.96,1.1778322458267212,1.1711723804473877,0.0038721265736967325
6,11,z_A0_eff,0.785,0.9105016589164734,0.907576322555542,0.004027559421956539
6,12,alpha,0.435,1.0670764446258545,1.0677882432937622,0.003987554926425219
6,12,beta_r,0.085,0.583610475063324,0.5902808904647827,0.005129810888320208
6,12,eta_col,0.92,0.8563224077224731,0.8505508899688721,0.003571462584659457
6,12,xi_reb,0.17,0.9875767230987549,0.9909178018569946,0.0034782474394887686
6,12,z_A0_eff,0.425,0.719657301902771,0.7200979590415955,0.002042117528617382
6,13,alpha,0.66,0.5282289981842041,0.5255066156387329,0.006990132387727499
6,13,beta_r,0.795,0.6708518266677856,0.6581721305847168,0.01560425665229559
6,13,eta_col,0.595,0.931180477142334,0.9288358092308044,0.011267730966210365
6,13,xi_reb,0.3,1.0632787942886353,1.0654139518737793,0.0037913850974291563
6,13,z_A0_eff,0.615,0.7089877724647522,0.7068712115287781,0.006616156082600355
6,14,alpha,0.795,1.0373051166534424,1.0349801778793335,0.003205840475857258
6,14,beta_r,0.67,1.1454323530197144,1.1392863988876343,0.016029417514801025
6,14,eta_col,0.425,0.8951960802078247,0.8959110975265503,0.003821252379566431
6,14,xi_reb,0.705,0.601179838180542,0.6000783443450928,0.0021512173116207123
6,14,z_A0_eff,0.465,0.8144038319587708,0.8146432638168335,0.0019224445568397641
6,15,alpha,0.23,0.48033618927001953,0.4868367910385132,0.010001828894019127
6,15,beta_r,0.345,0.48854565620422363,0.4938797056674957,0.01594717428088188
6,15,eta_col,0.79,0.9242940545082092,0.906874418258667,0.06413692981004715
6,15,xi_reb,0.035,0.8565549254417419,0.8631333708763123,0.00801475066691637
6,15,z_A0_eff,0.23,0.8226703405380249,0.8293489813804626,0.010899730026721954
6,16,alpha,0.32,1.028302550315857,1.0301541090011597,0.0034201776143163443
6,16,beta_r,0.705,1.1500284671783447,1.1433804035186768,0.013851412571966648
6,16,eta_col,0.92,0.8640550374984741,0.8581302165985107,0.003906674217432737
6,16,xi_reb,0.19,0.8390694260597229,0.8417476415634155,0.0028186968993395567
6,16,z_A0_eff,0.895,0.9481809139251709,0.9452176690101624,0.0027282910887151957
6,17,alpha,0.055,1.1241999864578247,1.1397795677185059,0.010440497659146786
6,17,beta_r,0.395,0.7561745047569275,0.7594432234764099,0.010708377696573734
6,17,eta_col,0.82,0.6867108941078186,0.6819342970848083,0.005528171546757221
6,17,xi_reb,0.485,0.8275312185287476,0.8276951313018799,0.002461244584992528
6,17,z_A0_eff,0.065,0.8071972131729126,0.8153256177902222,0.005924147553741932
6,18,alpha,0.005,0.4829145669937134,0.5006752610206604,0.007558217737823725
6,18,beta_r,0.12,0.7996320724487305,0.8285824656486511,0.023359838873147964
6,18,eta_col,0.675,0.9527183771133423,0.9456326365470886,0.015028957277536392
6,18,xi_reb,0.05,0.6299008131027222,0.6350951194763184,0.0029934567864984274
6,18,z_A0_eff,0.0,0.7367551326751709,0.7569043040275574,0.008077511563897133
6,19,alpha,0.26,1.055747389793396,1.0596369504928589,0.006152499932795763
6,19,beta_r,0.145,1.0013819932937622,1.019100546836853,0.016763968393206596
6,19,eta_col,0.66,0.704978346824646,0.7035208344459534,0.004278872162103653
6,19,xi_reb,0.43,0.5136333107948303,0.5138946175575256,0.001986829563975334
6,19,z_A0_eff,0.325,0.795634388923645,0.7973214983940125,0.0041412049904465675
6,20,alpha,0.025,0.602769136428833,0.6186218857765198,0.0072312913835048676
6,20,beta_r,0.02,1.0662239789962769,1.115263819694519,0.027705350890755653
6,20,eta_col,0.455,0.5615596175193787,0.5618751049041748,0.0035771592520177364
6,20,xi_reb,0.78,1.140663743019104,1.1379774808883667,0.003742130473256111
6,20,z_A0_eff,0.045,0.7922631502151489,0.8047763109207153,0.007138631772249937
6,21,alpha,0.005,0.9753545522689819,0.9832957983016968,0.003285638289526105
6,21,beta_r,0.515,0.6734708547592163,0.6727296710014343,0.006442478857934475
6,21,eta_col,0.61,0.7993841171264648,0.7987098693847656,0.003277355572208762
6,21,xi_reb,0.405,0.8630902767181396,0.863624095916748,0.0028114854358136654
6,21,z_A0_eff,0.125,0.8023146390914917,0.8047729730606079,0.0023272486869245768
6,22,alpha,0.64,0.8457386493682861,0.8446990847587585,0.0026127242017537355
6,22,beta_r,0.995,0.80809485912323,0.7905672192573547,0.007166018709540367
6,22,eta_col,0.315,0.8655246496200562,0.8675391674041748,0.00516703724861145
6,22,xi_reb,0.75,1.1803330183029175,1.1776272058486938,0.004242566879838705
6,22,z_A0_eff,0.75,0.8178579807281494,0.8163002133369446,0.002578859683126211
6,23,alpha,0.645,1.192360281944275,1.1899702548980713,0.00730441277846694
6,23,beta_r,0.045,0.8777749538421631,0.8945786952972412,0.010090646333992481
6,23,eta_col,0.235,0.5432580709457397,0.546215832233429,0.004567078314721584
6,23,xi_reb,0.775,0.867707371711731,0.8662188053131104,0.0024977452121675014
6,23,z_A0_eff,0.61,0.9445160627365112,0.9433029890060425,0.004043614957481623
6,24,alpha,0.505,1.145095705986023,1.1450903415679932,0.005046553909778595
6,24,beta_r,0.765,0.5652204155921936,0.5617516040802002,0.004715254995971918
6,24,eta_col,0.8,0.8332523703575134,0.8304239511489868,0.003354604821652174
6,24,xi_reb,0.235,0.8328732848167419,0.8349093794822693,0.0028563388623297215
6,24,z_A0_eff,0.455,0.783968448638916,0.7840960025787354,0.0018701881635934114
6,25,alpha,0.41,1.0040006637573242,1.0047374963760376,0.0032343461643904448
6,25,beta_r,0.295,1.0929181575775146,1.1009079217910767,0.012651911936700344
6,25,eta_col,0.2,0.8643999099731445,0.8681941032409668,0.004324446897953749
6,25,xi_reb,0.75,0.41066694259643555,0.4095058739185333,0.001763164415024221
6,25,z_A0_eff,0.345,0.9372872710227966,0.938399076461792,0.0026171545032411814
6,26,alpha,0.33,0.8069009780883789,0.8097444772720337,0.008740679360926151
6,26,beta_r,0.515,0.9600703716278076,0.9607868790626526,0.019272275269031525
6,26,eta_col,0.945,0.5615899562835693,0.5544926524162292,0.004071939270943403
6,26,xi_reb,0.025,0.5203021764755249,0.5235111713409424,0.0017277583247050643
6,26,z_A0_eff,0.17,0.7441658973693848,0.7507151961326599,0.007763355039060116
6,27,alpha,0.175,1.0767537355422974,1.0809613466262817,0.00472987350076437
6,27,beta_r,0.66,0.44502902030944824,0.44322776794433594,0.004689263179898262
6,27,eta_col,0.61,0.8425829410552979,0.8418095111846924,0.0037325553130358458
6,27,xi_reb,0.17,0.5493372082710266,0.5507938265800476,0.0016921655042096972
6,27,z_A0_eff,0.19,0.7337992191314697,0.7353918552398682,0.002241569571197033
6,28,alpha,0.46,0.8403050303459167,0.8412002325057983,0.005511811468750238
6,28,beta_r,0.215,0.585689902305603,0.5910646915435791,0.006304034031927586
6,28,eta_col,0.855,0.8417552709579468,0.8369826674461365,0.004413704853504896
6,28,xi_reb,0.745,1.1907809972763062,1.188194990158081,0.0038416318129748106
6,28,z_A0_eff,0.385,0.8584001660346985,0.8594198822975159,0.004980740137398243
6,29,alpha,0.955,0.4112418591976166,0.40033721923828125,0.006395083852112293
6,29,beta_r,0.76,1.0682083368301392,1.0330654382705688,0.04594353586435318
6,29,eta_col,0.995,0.5245238542556763,0.5126205682754517,0.004348760470747948
6,29,xi_reb,0.535,0.5486536026000977,0.5484098196029663,0.0017030457966029644
6,29,z_A0_eff,0.97,0.744953453540802,0.7303228974342346,0.0079032052308321
6,30,alpha,0.42,1.0708801746368408,1.0715850591659546,0.00418428797274828
6,30,beta_r,0.1,0.45022937655448914,0.4549098312854767,0.0041094254702329636
6,30,eta_col,0.31,0.9497731328010559,0.9521080255508423,0.004093177616596222
6,30,xi_reb,0.76,0.49471837282180786,0.4933808147907257,0.001775112352333963
6,30,z_A0_eff,0.18,0.7267682552337646,0.7280685305595398,0.002351996721699834
6,31,alpha,0.255,1.0365325212478638,1.0384190082550049,0.0027560959570109844
6,31,beta_r,0.74,0.8609557747840881,0.8560531735420227,0.009223352186381817
6,31,eta_col,0.655,0.9968453645706177,0.9954603314399719,0.003496236400678754
6,31,xi_reb,0.85,0.6231685280799866,0.6212852001190186,0.0018428434850648046
6,31,z_A0_eff,0.18,0.7784084677696228,0.7798413038253784,0.0018200189806520939
6,32,alpha,0.8,0.9218368530273438,0.9164575934410095,0.006980515085160732
6,32,beta_r,0.345,1.1643948554992676,1.1684112548828125,0.017761556431651115
6,32,eta_col,0.28,0.5997028350830078,0.6026049852371216,0.004942827392369509
6,32,xi_reb,0.5,0.4195096492767334,0.4196772873401642,0.00148729607462883
6,32,z_A0_eff,0.845,0.716081440448761,0.7114837765693665,0.005013724789023399
6,33,alpha,0.915,1.191076397895813,1.1853636503219604,0.004498480819165707
6,33,beta_r,0.51,0.5802904367446899,0.5803359746932983,0.004273972939699888
6,33,eta_col,0.31,0.9167335033416748,0.9186580181121826,0.004001013468950987
6,33,xi_reb,0.745,0.4889545440673828,0.48770105838775635,0.001974772196263075
6,33,z_A0_eff,0.935,0.947266697883606,0.9441956877708435,0.002240214729681611
6,34,alpha,0.55,0.6227812170982361,0.6202042102813721,0.010850442573428154
6,34,beta_r,0.495,1.1130040884017944,1.1119681596755981,0.03684496879577637
6,34,eta_col,0.475,0.907027006149292,0.9078842401504517,0.01354437880218029
6,34,xi_reb,0.685,0.7680820822715759,0.7662225365638733,0.003996443469077349
6,34,z_A0_eff,0.69,0.8051968812942505,0.7993391156196594,0.010560255497694016
6,35,alpha,0.365,0.7114617228507996,0.7137151956558228,0.006044419948011637
6,35,beta_r,0.885,0.9504919052124023,0.9351315498352051,0.014648516662418842
6,35,eta_col,0.505,0.8580065369606018,0.8579516410827637,0.006911915261298418
6,35,xi_reb,0.405,1.1273620128631592,1.128147006034851,0.0035593633074313402
6,35,z_A0_eff,0.39,0.8556534051895142,0.8581762909889221,0.0061043486930429935
6,36,alpha,0.72,1.017428994178772,1.014920949935913,0.004494227468967438
6,36,beta_r,0.69,1.1564401388168335,1.1463100910186768,0.018780119717121124
6,36,eta_col,0.145,0.6346522569656372,0.6395366787910461,0.004529554396867752
6,36,xi_reb,0.255,0.8950787782669067,0.8965413570404053,0.002434550551697612
6,36,z_A0_eff,0.455,0.7648317813873291,0.7651495337486267,0.0032512079924345016
6,37,alpha,0.09,0.7031463980674744,0.7243865728378296,0.01661607250571251
6,37,beta_r,0.205,0.6419496536254883,0.6596824526786804,0.02220826782286167
6,37,eta_col,0.67,0.776945948600769,0.7751803398132324,0.004879050888121128
6,37,xi_reb,0.685,0.684154212474823,0.6825985908508301,0.0036426596343517303
6,37,z_A0_eff,0.04,0.718603253364563,0.741783857345581,0.013309185393154621
6,38,alpha,0.32,0.7621103525161743,0.7649081945419312,0.007573655806481838
6,38,beta_r,0.715,0.931990385055542,0.9236791729927063,0.016604263335466385
6,38,eta_col,0.84,0.7079014778137207,0.7040380835533142,0.00394011102616787
6,38,xi_reb,0.105,0.6576389670372009,0.6603434085845947,0.002068781526759267
6,38,z_A0_eff,0.42,0.8777921795845032,0.8792791962623596,0.007469540927559137
6,39,alpha,0.99,0.7253602743148804,0.7129426002502441,0.006267196033149958
6,39,beta_r,0.89,0.9728035926818848,0.9528861045837402,0.01694273017346859
6,39,eta_col,0.715,0.8850662708282471,0.8798051476478577,0.013968642801046371
6,39,xi_reb,0.115,0.7383968830108643,0.7418943047523499,0.0033336954656988382
6,39,z_A0_eff,0.96,0.9460225105285645,0.9334547519683838,0.007711169775575399
7,0,alpha,0.96,0.7027767896652222,0.6905872821807861,0.007858140394091606
7,0,beta_r,0.86,0.8738349080085754,0.856700599193573,0.017099035903811455
7,0,eta_col,0.905,0.6773703098297119,0.6716248393058777,0.004642711486667395
7,0,xi_reb,0.235,0.4169670641422272,0.4180549383163452,0.0017414961475878954
7,0,z_A0_eff,0.935,0.8019052743911743,0.7916101813316345,0.007387708872556686
7,1,alpha,0.295,0.8927000761032104,0.9007784128189087,0.01571299321949482
7,1,beta_r,0.515,0.4552282989025116,0.4544951319694519,0.01174328662455082
7,1,eta_col,0.655,0.5825845003128052,0.5799527168273926,0.006564535200595856
7,1,xi_reb,0.585,1.1789520978927612,1.1777968406677246,0.004802359268069267
7,1,z_A0_eff,0.32,0.7125993371009827,0.7180389165878296,0.011260333471000195
7,2,alpha,0.455,0.43803149461746216,0.43951615691185,0.009245418943464756
7,2,beta_r,0.65,0.4781215190887451,0.47167837619781494,0.018100593239068985
7,2,eta_col,0.74,0.7839192152023315,0.7794586420059204,0.008430084213614464
7,2,xi_reb,0.025,0.7150644659996033,0.7201439738273621,0.002984311431646347
7,2,z_A0_eff,0.465,0.7291436195373535,0.7302317023277283,0.010231764987111092
7,3,alpha,0.915,0.8153698444366455,0.8016725182533264,0.010782566852867603
7,3,beta_r,0.945,0.4202210605144501,0.40830665826797485,0.008076348342001438
7,3,eta_col,0.605,0.6440844535827637,0.6431668996810913,0.006446885410696268
7,3,xi_reb,0.27,1.0425195693969727,1.0446875095367432,0.004136322997510433
7,3,z_A0_eff,1.0,0.9485695362091064,0.9285098314285278,0.010000912472605705
7,4,alpha,0.72,0.8825433850288391,0.8799179196357727,0.006147470790892839
7,4,beta_r,0.65,0.5874300003051758,0.5851326584815979,0.006803624797612429
7,4,eta_col,0.645,0.5820223093032837,0.5806648135185242,0.0041408175602555275
7,4,xi_reb,0.38,1.1510982513427734,1.1525027751922607,0.003866850631311536
7,4,z_A0_eff,0.71,0.878659188747406,0.8763052225112915,0.004672896582633257
7,5,alpha,0.62,0.4471173882484436,0.4451035261154175,0.009004023857414722
7,5,beta_r,0.745,0.7024301886558533,0.6866496205329895,0.024482272565364838
7,5,eta_col,0.12,0.8600300550460815,0.8765200972557068,0.013967281207442284
7,5,xi_reb,0.03,0.6772881746292114,0.6832380890846252,0.0030440494883805513
7,5,z_A0_eff,0.53,0.8438702821731567,0.8436750769615173,0.009656768292188644
7,6,alpha,0.02,0.8979101181030273,0.910330057144165,0.006448804866522551
7,6,beta_r,0.795,1.0474931001663208,1.0145480632781982,0.04892564192414284
7,6,eta_col,0.98,0.7855408191680908,0.7706371545791626,0.00637576961889863
7,6,xi_reb,0.06,0.7785181999206543,0.7882946133613586,0.005674098618328571
7,6,z_A0_eff,0.16,0.7927814722061157,0.7973155975341797,0.0055059161968529224
7,7,alpha,0.705,0.88371741771698,0.8795433640480042,0.008201679214835167
7,7,beta_r,0.79,0.764351487159729,0.756061851978302,0.010901281610131264
7,7,eta_col,0.88,0.9557961225509644,0.9451435208320618,0.009679830633103848
7,7,xi_reb,0.02,1.1047358512878418,1.1152498722076416,0.004935440607368946
7,7,z_A0_eff,0.55,0.9152278900146484,0.9147990345954895,0.008019205182790756
7,8,alpha,0.84,1.018296480178833,0.9999972581863403,0.019104033708572388
7,8,beta_r,0.74,0.6279361844062805,0.617611289024353,0.01571793667972088
7,8,eta_col,0.695,0.521160364151001,0.5185587406158447,0.005299907643347979
7,8,xi_reb,0.39,0.515180766582489,0.5157161951065063,0.002329861279577017
7,8,z_A0_eff,0.83,0.7885207533836365,0.7779209613800049,0.011378833092749119
7,9,alpha,1.0,0.5311331748962402,0.5105239152908325,0.008199039846658707
7,9,beta_r,0.995,1.0828863382339478,0.9938722252845764,0.03295141085982323
7,9,eta_col,0.025,0.6620426177978516,0.6762452721595764,0.008898138999938965
7,9,xi_reb,0.98,0.6673201322555542,0.6626442074775696,0.0025772475637495518
7,9,z_A0_eff,1.0,0.9244202375411987,0.8959317207336426,0.008650180883705616
7,10,alpha,0.605,0.6929727792739868,0.6903144717216492,0.008324198424816132
7,10,beta_r,0.775,1.012804627418518,0.9930709600448608,0.02378232218325138
7,10,eta_col,0.5,0.7933700084686279,0.7931765913963318,0.004015703219920397
7,10,xi_reb,0.83,1.070155382156372,1.0663527250289917,0.004099993500858545
7,10,z_A0_eff,0.73,0.7345634698867798,0.7293962240219116,0.007283846382051706
7,11,alpha,0.49,1.0950719118118286,1.0954563617706299,0.006465777289122343
7,11,beta_r,0.345,0.8455485105514526,0.8494393229484558,0.008966304361820221
7,11,eta_col,0.145,0.5916694402694702,0.5964086651802063,0.005005644168704748
7,11,xi_reb,0.75,1.1778322458267212,1.174868106842041,0.004493797663599253
7,11,z_A0_eff,0.825,0.9105016589164734,0.9067352414131165,0.004519517533481121
7,12,alpha,0.465,1.0670764446258545,1.0674875974655151,0.005413951352238655
7,12,beta_r,0.585,0.583610475063324,0.5828479528427124,0.006774083245545626
7,12,eta_col,0.64,0.8563224077224731,0.85565584897995,0.005302464589476585
7,12,xi_reb,0.625,0.9875767230987549,0.9861999750137329,0.00395160773769021
7,12,z_A0_eff,0.395,0.719657301902771,0.7196246385574341,0.0027586480136960745
7,13,alpha,0.615,0.5282289981842041,0.5264150500297546,0.0069658588618040085
7,13,beta_r,0.705,0.6708518266677856,0.6623707413673401,0.014859515242278576
7,13,eta_col,0.48,0.931180477142334,0.9332340955734253,0.010938876308500767
7,13,xi_reb,0.27,1.0632787942886353,1.0664381980895996,0.0047925664111971855
7,13,z_A0_eff,0.54,0.7089877724647522,0.7085427045822144,0.006659639533609152
7,14,alpha,0.885,1.0373051166534424,1.033302903175354,0.0033889852929860353
7,14,beta_r,0.83,1.1454323530197144,1.1280964612960815,0.01749742589890957
7,14,eta_col,0.395,0.8951960802078247,0.8963502645492554,0.004190510138869286
7,14,xi_reb,0.885,0.601179838180542,0.5979353785514832,0.002925773384049535
7,14,z_A0_eff,0.575,0.8144038319587708,0.8139986991882324,0.002041066996753216
7,15,alpha,0.175,0.48033618927001953,0.48880621790885925,0.00980725884437561
7,15,beta_r,0.535,0.48854565620422363,0.48781734704971313,0.0169394388794899
7,15,eta_col,0.79,0.9242940545082092,0.9127369523048401,0.014105746522545815
7,15,xi_reb,0.03,0.8565549254417419,0.8629138469696045,0.0035186405293643475
7,15,z_A0_eff,0.165,0.8226703405380249,0.8316498398780823,0.01090897899121046
7,16,alpha,0.58,1.028302550315857,1.0279593467712402,0.00450907414779067
7,16,beta_r,0.83,1.1500284671783447,1.1321908235549927,0.020689131692051888
7,16,eta_col,0.9,0.8640550374984741,0.8582844734191895,0.004642267245799303
7,16,xi_reb,0.2,0.8390694260597229,0.8417559862136841,0.0030786977149546146
7,16,z_A0_eff,0.91,0.9481809139251709,0.9446997046470642,0.0024661074858158827
7,17,alpha,0.04,1.1241999864578247,1.1419310569763184,0.010132503695786
7,17,beta_r,0.455,0.7561745047569275,0.757251501083374,0.01196636538952589
7,17,eta_col,0.955,0.6867108941078186,0.6771686673164368,0.005369456484913826
7,17,xi_reb,0.065,0.8275312185287476,0.8322408199310303,0.003147715935483575
7,17,z_A0_eff,0.04,0.8071972131729126,0.8188378214836121,0.006734273862093687
7,18,alpha,0.07,0.4829145669937134,0.49548229575157166,0.009007985703647137
7,18,beta_r,0.48,0.7996320724487305,0.8009648323059082,0.028503011912107468
7,18,eta_col,0.565,0.9527183771133423,0.9513031840324402,0.014596512541174889
7,18,xi_reb,0.135,0.6299008131027222,0.633683979511261,0.0033518685959279537
7,18,z_A0_eff,0.04,0.7367551326751709,0.7520199418067932,0.008720285259187222
7,19,alpha,0.275,1.055747389793396,1.0612263679504395,0.0077738710679113865
7,19,beta_r,0.15,1.0013819932937622,1.0188616514205933,0.01779421977698803
7,19,eta_col,0.515,0.704978346824646,0.7049868106842041,0.004514792002737522
7,19,xi_reb,0.72,0.5136333107948303,0.5120919346809387,0.002336441306397319
7,19,z_A0_eff,0.32,0.795634388923645,0.7983960509300232,0.00539228692650795
7,20,alpha,0.17,0.602769136428833,0.6086054444313049,0.005746402777731419
7,20,beta_r,0.09,1.0662239789962769,1.1016566753387451,0.02594667486846447
7,20,eta_col,0.565,0.5615596175193787,0.5608731508255005,0.004597457591444254
7,20,xi_reb,0.53,1.140663743019104,1.1402413845062256,0.004837905988097191
7,20,z_A0_eff,0.045,0.7922631502151489,0.8012984991073608,0.005234576296061277
7,21,alpha,0.365,0.9753545522689819,0.976747453212738,0.004259762354195118
7,21,beta_r,0.955,0.6734708547592163,0.661842942237854,0.007741059176623821
7,21,eta_col,0.37,0.7993841171264648,0.8002546429634094,0.0026802928186953068
7,21,xi_reb,0.66,0.8630902767181396,0.8618956208229065,0.0032298474106937647
7,21,z_A0_eff,0.635,0.8023146390914917,0.8015945553779602,0.002412807894870639
7,22,alpha,0.945,0.8457386493682861,0.8404769897460938,0.0035781697370111942
7,22,beta_r,0.345,0.80809485912323,0.8122601509094238,0.013600601814687252
7,22,eta_col,0.855,0.8655246496200562,0.8604196310043335,0.0057868631556630135
7,22,xi_reb,0.78,1.1803330183029175,1.1761500835418701,0.006087870337069035
7,22,z_A0_eff,0.705,0.8178579807281494,0.8167089819908142,0.002895594807341695
7,23,alpha,0.955,1.192360281944275,1.1805849075317383,0.01355065405368805
7,23,beta_r,0.185,0.8777749538421631,0.8879490494728088,0.010749408975243568
7,23,eta_col,0.62,0.5432580709457397,0.541642963886261,0.005357122048735619
7,23,xi_reb,0.395,0.867707371711731,0.8687678575515747,0.003394725266844034
7,23,z_A0_eff,0.695,0.9445160627365112,0.9424842596054077,0.004112025257200003
7,24,alpha,0.49,1.145095705986023,1.1453871726989746,0.005099412053823471
7,24,beta_r,0.705,0.5652204155921936,0.5623438954353333,0.005069067236036062
7,24,eta_col,0.645,0.8332523703575134,0.8320184946060181,0.003127369796857238
7,24,xi_reb,0.305,0.8328732848167419,0.8341747522354126,0.002848539035767317
7,24,z_A0_eff,0.735,0.783968448638916,0.7828529477119446,0.0021913801319897175
7,25,alpha,0.17,1.0040006637573242,1.0078753232955933,0.004209577571600676
7,25,beta_r,0.17,1.0929181575775146,1.1099554300308228,0.018076272681355476
7,25,eta_col,0.22,0.8643999099731445,0.8687031269073486,0.005477411672472954
7,25,xi_reb,0.985,0.41066694259643555,0.4058440327644348,0.0023204893805086613
7,25,z_A0_eff,0.605,0.9372872710227966,0.9368866086006165,0.003504445543512702
7,26,alpha,0.65,0.8069009780883789,0.8036046028137207,0.00864023994654417
7,26,beta_r,0.85,0.9600703716278076,0.9379168152809143,0.018612559884786606
7,26,eta_col,0.44,0.5615899562835693,0.5618761777877808,0.00439861137419939
7,26,xi_reb,0.395,0.5203021764755249,0.5206331014633179,0.0021126337815076113
7,26,z_A0_eff,0.595,0.7441658973693848,0.742247998714447,0.007420633919537067
7,27,alpha,0.59,1.0767537355422974,1.075950026512146,0.00471982778981328
7,27,beta_r,0.915,0.44502902030944824,0.439878910779953,0.0035582331474870443
7,27,eta_col,0.4,0.8425829410552979,0.8438194394111633,0.00612872326746583
7,27,xi_reb,0.505,0.5493372082710266,0.549297571182251,0.0026229305658489466
7,27,z_A0_eff,0.445,0.7337992191314697,0.7340934872627258,0.002583335153758526
7,28,alpha,0.46,0.8403050303459167,0.8406826257705688,0.005531564354896545
7,28,beta_r,0.2,0.585689902305603,0.5906121134757996,0.007029852829873562
7,28,eta_col,0.99,0.8417552709579468,0.8312109112739563,0.0036661450285464525
7,28,xi_reb,0.07,1.1907809972763062,1.1975133419036865,0.004304034635424614
7,28,z_A0_eff,0.165,0.8584001660346985,0.8626807928085327,0.004899201449006796
7,29,alpha,0.915,0.4112418591976166,0.4002273976802826,0.008342134766280651
7,29,beta_r,0.95,1.0682083368301392,0.9825338125228882,0.049747079610824585
7,29,eta_col,0.915,0.5245238542556763,0.5186412930488586,0.0046535455621778965
7,29,xi_reb,0.485,0.5486536026000977,0.5487727522850037,0.0020555327646434307
7,29,z_A0_eff,0.97,0.744953453540802,0.729798436164856,0.008531127125024796
7,30,alpha,0.655,1.0708801746368408,1.0690985918045044,0.004879351705312729
7,30,beta_r,0.27,0.45022937655448914,0.45266249775886536,0.003822747617959976
7,30,eta_col,0.175,0.9497731328010559,0.9544621109962463,0.006140834651887417
7,30,xi_reb,0.695,0.49471837282180786,0.493642121553421,0.0022165679838508368
7,30,z_A0_eff,0.95,0.7267682552337646,0.7228829860687256,0.0025141809601336718
7,31,alpha,0.55,1.0365325212478638,1.0359892845153809,0.0034561678767204285
7,31,beta_r,0.55,0.8609557747840881,0.8597273230552673,0.009341608732938766
7,31,eta_col,0.755,0.9968453645706177,0.9937566518783569,0.004925223998725414
7,31,xi_reb,0.42,0.6231685280799866,0.6237898468971252,0.002622062573209405
7,31,z_A0_eff,0.725,0.7784084677696228,0.7771698832511902,0.0021116985008120537
7,32,alpha,0.94,0.9218368530273438,0.9101821780204773,0.012013165280222893
7,32,beta_r,0.85,1.1643948554992676,1.1398335695266724,0.02352314628660679
7,32,eta_col,0.135,0.5997028350830078,0.6044092178344727,0.0044351308606565
7,32,xi_reb,0.72,0.4195096492767334,0.4183429777622223,0.0019190717721357942
7,32,z_A0_eff,0.865,0.716081440448761,0.7112746238708496,0.005083093419671059
7,33,alpha,0.9,1.191076397895813,1.185903787612915,0.00402847770601511
7,33,beta_r,0.345,0.5802904367446899,0.5817421674728394,0.0035758567973971367
7,33,eta_col,0.745,0.9167335033416748,0.9146395921707153,0.00364385056309402
7,33,xi_reb,0.795,0.4889545440673828,0.48726966977119446,0.002026966540142894
7,33,z_A0_eff,0.845,0.947266697883606,0.945009171962738,0.002463543089106679
7,34,alpha,0.605,0.6227812170982361,0.620381772518158,0.011086723767220974
7,34,beta_r,0.52,1.1130040884017944,1.1130355596542358,0.031969498842954636
7,34,eta_col,0.595,0.907027006149292,0.9046254754066467,0.013535300269722939
7,34,xi_reb,0.9,0.7680820822715759,0.7632997035980225,0.004095111507922411
7,34,z_A0_eff,0.655,0.8051968812942505,0.8018419146537781,0.011208008974790573
7,35,alpha,0.66,0.7114617228507996,0.7088115811347961,0.006893296726047993
7,35,beta_r,0.975,0.9504919052124023,0.9193728566169739,0.0152056235820055
7,35,eta_col,0.665,0.8580065369606018,0.8557253479957581,0.006073652300983667
7,35,xi_reb,0.19,1.1273620128631592,1.1312822103500366,0.004423449747264385
7,35,z_A0_eff,0.585,0.8556534051895142,0.8539553880691528,0.007332169450819492
7,36,alpha,0.595,1.017428994178772,1.016335129737854,0.005576250609010458
7,36,beta_r,0.575,1.1564401388168335,1.1501226425170898,0.02003994770348072
7,36,eta_col,0.345,0.6346522569656372,0.6371012330055237,0.004739278927445412
7,36,xi_reb,0.585,0.8950787782669067,0.8943991661071777,0.0033475137315690517
7,36,z_A0_eff,0.72,0.7648317813873291,0.7630081176757812,0.0035621803253889084
7,37,alpha,0.2,0.7031463980674744,0.7147203683853149,0.014934730716049671
7,37,beta_r,0.48,0.6419496536254883,0.642642617225647,0.019556652754545212
7,37,eta_col,0.205,0.776945948600769,0.7812039852142334,0.005999342072755098
7,37,xi_reb,0.81,0.684154212474823,0.6812589764595032,0.0038558051455765963
7,37,z_A0_eff,0.205,0.718603253364563,0.7279539704322815,0.012853332795202732
7,38,alpha,0.555,0.7621103525161743,0.7610981464385986,0.008823108859360218
7,38,beta_r,0.795,0.931990385055542,0.9181970357894897,0.017168894410133362
7,38,eta_col,0.76,0.7079014778137207,0.7053999304771423,0.0039488100446760654
7,38,xi_reb,0.235,0.6576389670372009,0.6591840982437134,0.0027099198196083307
7,38,z_A0_eff,0.465,0.8777921795845032,0.8791800737380981,0.008159457705914974
7,39,alpha,0.89,0.7253602743148804,0.7174764275550842,0.006454756483435631
7,39,beta_r,0.93,0.9728035926818848,0.9481742978096008,0.017414089292287827
7,39,eta_col,0.68,0.8850662708282471,0.8805992007255554,0.012363854795694351
7,39,xi_reb,0.175,0.7383968830108643,0.741373598575592,0.003355893772095442
7,39,z_A0_eff,0.975,0.9460225105285645,0.9339378476142883,0.007506293710321188
