{
  "n_warmup": 200,
  "n_samples": 300,
  "n_chains": 2,
  "sc1_wall_s": 591.4,
  "sc2_wall_s": 1107.8,
  "sc1_beta_mean": 0.9543763995170593,
  "sc2_beta_mean": 0.5592947602272034,
  "feature_configs_sc2": {
    "physics (2)": {
      "beta_mean": 0.5724650621414185,
      "beta_ci95": [
        0.43649861216545105,
        0.7025048732757568
      ],
      "wall_s": 1127.8
    },
    "minimal (6)": {
      "beta_mean": 0.5957635641098022,
      "beta_ci95": [
        0.5698270797729492,
        0.6198274493217468
      ],
      "wall_s": 641.8
    },
    "full (29)": {
      "beta_mean": 0.6294931769371033,
      "beta_ci95": [
        0.6143491864204407,
        0.6443299651145935
      ],
      "wall_s": 717.3
    }
  }
}